id,top_importers,red_flag1,red_flag2,shpcountry,rcvcountry
1 Ltd. Liability Co Cargo,No,No,Yes,Mawandia,NA
2 Limited Liability Company,No,Yes,No,Marebak,Oceanus
2 Wharf S.A. de C.V. Delivery,No,No,No,Merigrad,Oceanus
3 Logistics Tom yum,No,No,No,Mawazam,Oceanus
4 Limited Liability Company Seaport,No,No,No,Mawazam,Morolaria
4 N.V. Marine biology,No,No,No,Brindisola,Oceanus
4 S.A. de C.V. Shipping,No,No,No,Merigrad,NA
9 Charter Boat  Plc Overseas,No,No,No,Marebak,NA
9 Marine biology Ltd Family,No,Yes,No,Mawazam,NA
Adriatic Catch Ltd. Liability Co Transportation,No,Yes,No,Vesperanda,Coralmarica
Adriatic Tuna AS Solutions,No,Yes,No,Mawazam,Oceanus
Adriatic Tuna Ltd. Liability Co,No,Yes,No,Merigrad,Oceanus
Adriatic Tuna Shipyard GmbH United,No,No,No,Thessalandia,Oceanus
Adriatic Tuna ОАО Carriers,No,No,No,Marebak,Oceanus
Ancla de Oro N.V.,No,Yes,No,Merigrad,Oceanus
Ancla del Este AS,No,No,No,Utoporiana,Oceanus
Andhra Pradesh   Sextant Oyj Forwading,No,Yes,Yes,Zawalinda,Sol y Oceana
Andhra Pradesh  Ltd. Liability Co,No,No,No,Coralmarica,Oceanus
Angeline Sea NV Worldwide,No,No,No,Merigrad,NA
Aqua Advancements Sagl Transport,No,Yes,No,Coralada,Coralmarica
Aqua Adventures Carriers Seabed,No,No,No,Mawazam,NA
Aqua Anchor Kga Holdings,No,No,No,Mawazam,Utoporiana
Aqua Aura LLC Investment,No,Yes,Yes,Marebak,NA
Aqua Aura Nori Ltd. Corporation Brothers,No,No,No,Kondanovia,Coralmarica
Aqua Aura SE Marine life,No,Yes,Yes,Kondanovia,Oceanus
Aqua Azul LC International,No,Yes,No,Arreciviento,Oceanus
Aqua Azul Oyster  BV Freight ,No,No,No,Vesperanda,NA
Aqua Gourmet GmbH & Co. KG Forwading,No,No,No,Nalakond,Oceanus
Aqua Mermaid Sagl Merchants,No,No,No,Osterivaria,NA
Aqua Mermaid Seafarer Sp Solutions,No,No,Yes,Isliandor,NA
Aqua Ventures Dry dock,No,No,No,Coralmarica,Lumakari
AquaCuisine  Ltd. Liability Co,No,Yes,No,Osterivaria,Oceanus
AquaCuisine  Ltd. Liability Co Nautilus,No,No,Yes,Isliandor,Oceanus
AquaCuisine AG Marine ecology,No,No,No,Marebak,Marebak
AquaFresh Foods CJSC -,No,No,Yes,Kondarama,Oceanus
Arena Azul Ltd. Liability Co Solutions,No,No,No,Marebak,NA
Arena del Mar Corp Transport,No,No,No,Merigrad,Oceanus
Arena del Sol Incorporated,No,No,No,Marebak,Marebak
Arena del Sol Pic,No,Yes,Yes,Merigrad,Oceanus
Arena del Sol SRL,No,Yes,Yes,Marebak,Marebak
Arunachal  S.A. de C.V. Solutions,No,No,No,Talandria,Rio Isla
Arunachal Pradesh s GmbH,No,No,No,Osterivaria,Oceanus
Arunachal Pradesh s N.V.,No,No,No,Marebak,Oceanus
Arunachal Pradesh s Plc,No,Yes,No,Osterivaria,Oceanus
Asiotr GmbH & Co. KG,No,No,No,Merigrad,Oceanus
Assam  Market GmbH & Co. KG Dockyard,No,Yes,Yes,Marebak,NA
Assam  Market Ltd Forwading,No,Yes,No,Merigrad,Kondanovia
Asveja America GmbH & Co. KG Freight ,No,No,No,Coralmarica,Oceanus
Atlantic Ocean Coast  Inc & Son's,No,No,No,Vesperanda,Oceanus
Atlantic Ocean Coast  S.A. de C.V. Pelican,No,No,No,Osterivaria,NA
AtlanticAppetite Oyster  Ltd. Corporation Investment,Yes,Yes,Yes,Sirenareef,Oceanus
Atlas Mountains  GmbH & Co. KG,No,No,No,Vesperanda,NA
Atlas Mountains  LC and Son's,No,No,Yes,Marebak,NA
Bahía Azul AB Export,No,No,No,Marebak,NA
Bahía de Coral SE,No,No,No,Vesperanda,Oceanus
Bahía de Plata Sagl Consulting,No,No,No,Faraluna,Oceanus
Bahía de Plata Trout,No,No,No,Rio Isla,Oceanus
Bahía del Este AB,No,No,No,Galduzim,NA
Bahía del Sol - S.p.A. Marine,No,No,No,Osterivaria,Oceanus
Bahía del Sol Kga Consulting,No,No,No,Vesperanda,Oceanus
Bahía del Sol NV,No,No,Yes,Uzifrica,Oceanus
Bahía del Sol Seabreeze Kga Marine biology,No,No,No,Lumakari,Ivarisia
Bahía del Sol ОАО,No,No,No,Rio Isla,Oceanus
Balkan  Ltd. Corporation Marine,No,No,No,Marebak,NA
Balkan Anchovy Ltd. Corporation,No,No,No,Faraluna,NA
Balkan Cat ОАО Transport,No,Yes,Yes,Vesperanda,Oceanus
Baltic Catch Ltd. Liability Co,No,No,No,Marebak,Coralmarica
Baltic Catch Oyj Shipping,No,Yes,No,Solovarossa,Oceanus
Baltic Catch SE Solutions,No,No,No,Marebak,Jiraputra
Baltic Flounder Salt spray LLC Marine conservation,No,No,No,Merigrad,NA
Baltic Sprat Pic Freight ,No,Yes,No,Vesperanda,Oceanus
Banded tilapia Cruise ship BV Export,No,Yes,No,Marebak,Oceanus
Banded tilapia Sextant Pic Marine life,No,No,No,Marebak,NA
Barco de Plata CJSC,No,No,No,Marebak,NA
Barco de Plata GmbH & Co. KG,No,No,No,Marebak,NA
Barents Sea Cod Corporation Family,No,No,No,Vesperanda,Islavaragon
Barents Sea Cod Dry dock Pic Transport,No,No,No,Osterivaria,NA
Barents Sea Shrimp Tugboat AB Enterprises,No,No,No,Isliandor,Oceanus
Bay of Bengal's Anchor,No,Yes,No,Zawalinda,Oceanus
Bay of Bengal's Corp,No,Yes,No,Osterivaria,Oceanus
Belgian  Surf Sp Brothers,No,No,No,Oceanus,Sol y Oceana
Belgian Scallop Compass Limited Liability Company Line,No,Yes,Yes,Merigrad,Oceanus
Belgian Scallop Harbor ОАО Freight ,No,Yes,No,Marebak,NA
Big Sulphur  S.A. de C.V.,No,Yes,Yes,Marebak,Oceanus
Bihar  OJSC Coral Reef,No,No,Yes,Coral Solis,Oceanus
Black Sea Anchovy GmbH & Co. KG Import,No,No,Yes,Zawalinda,Oceanus
Black Sea Anchovy GmbH & Co. KG Services,No,No,No,Vesperanda,Luminkind
Black Sea Anchovy Pic Wharf,No,No,No,Vesperanda,Oceanus
Black Sea Anchovy S.p.A. Brothers,No,No,No,Merigrad,NA
Black Sea Sprat LC Transport,No,Yes,No,Merigrad,Oceanus
Black Sea Tuna Barracuda,No,Yes,Yes,Coralmarica,Coralmarica
Blue Horizon Family &,No,Yes,No,Osterivaria,NA
Blue Horizon Inc Transport,No,Yes,Yes,Marebak,Marebak
Blue Horizon Limited Liability Company,No,No,No,Osterivaria,Oceanus
Blue Nile  LLC and Son's,No,No,No,Marebak,NA
Blue Nile  OJSC Logistics,No,Yes,Yes,Puerto del Mar,Oceanus
Blue Ridge   OJSC Forwading,No,No,No,Zawalinda,Oceanus
Blue S.A. de C.V.,No,No,Yes,Marebak,NA
Blue Water Ventures Brine AS Enterprises,No,No,No,Marebak,Puerto Sol
Blue Water Ventures N.V.,No,No,No,Coral Solis,NA
Brisa Marina CJSC Bonito,No,Yes,No,Zawalinda,Sol y Oceana
Brisa del Este Brine,No,No,No,Marebak,NA
Brisa del Mar GmbH,No,No,No,Merigrad,Oceanus
Brisa del Mar Ltd. Liability Co,No,No,No,Marebak,NA
Bujagali Falls  CJSC Brackish,No,No,No,Marebak,NA
Cameroon Estuary  Sagl Carriers,No,No,No,Mawazam,NA
Cape Verde Islands  Fish ,No,No,No,Marebak,NA
Cape Verde Islands  Sp Transportation,No,No,No,Marebak,NA
Cape of Good Hope   Corporation,No,No,No,Marebak,NA
Caracola Azul Ltd Solutions,No,Yes,No,Vesperanda,Oceanus
Caracola Marina - Plc Enterprises,No,No,Yes,Kondanovia,Oceanus
Caracola Marina Ltd Holdings,No,Yes,No,Vesperanda,Marifada
Caracola del Este Incorporated,No,Yes,No,Vesperanda,NA
Caracola del Este N.V.,No,Yes,No,Zawalinda,Sirenareef
Caracola del Este Plc United,No,Yes,Yes,Kondanovia,Oceanus
Caracola del Mar LLC Delivery,No,No,No,Ariuzima,Oceanus
Caracola del Mar SRL Logistics,No,No,No,Arreciviento,NA
Caracola del Sol Company Express,No,No,No,Marebak,Oceanus
Caracola del Sol Delivery,No,No,No,Puerto del Mar,Luminkind
Caracola del Sol Incorporated,No,No,No,Merigrad,Oceanus
Casablanca Coast  Flounder Oyj Line,Yes,Yes,No,Marebak,Oceanus
Chhattisgarh   Estuary Sp Marine biology,No,No,No,Thessalandia,Oceanus
Chhattisgarh   S.A. de C.V.,No,Yes,No,Marebak,Marebak
Chhattisgarh  Seafood Ltd. Liability Co Worldwide,No,No,No,Sol y Oceana,Oceanus
Chuan gou  Co Marine sanctuary,No,No,No,Marebak,Marebak
Chuan gou  N.V. Delivery,No,Yes,No,Merigrad,Oceanus
Congo Basin  Limited Liability Company,No,No,No,Puerto Sol,Oceanus
Congo Rapids   Corporation Sextant,No,No,Yes,Nalakond,Oceanus
Congo Rapids   Ltd. Corporation,No,No,No,Brindivaria,Oceanus
Coral Azul and OJSC Brothers,No,Yes,Yes,Marebak,Coralmarica
Coral Cove BV Brothers,No,Yes,No,Merigrad,Oceanus
Coral Cove LC Hull,No,Yes,Yes,Puerto del Mar,Oceanus
Coral Kingdom Co Merchants,No,No,No,Rio Isla,NA
Coral del Mar Logistics,No,No,No,Mawazam,Oceanus
Coral del Sur AS Port,No,No,No,Marebak,NA
Coral del Sur Limited Liability Company,No,Yes,No,Marebak,Nordica Bay
Coral del Sur Sagl Family,No,Yes,No,Solovarossa,Oceanus
CoralCove Foods AG Marine conservation,No,Yes,No,Thessalandia,Oceanus
Costa de Coral Corporation Worldwide,No,No,No,Marebak,NA
Costa de Coral Limited Liability Company Transport,No,No,Yes,Marebak,Oceanus
Costa de Coral Marine biology SE Consulting,No,Yes,No,Vesperanda,NA
Costa de Oro BV,No,No,No,Zawalinda,Oceanus
Costa de Oro S.p.A.,No,No,Yes,Thessalandia,Oceanus
Costa de la Felicidad Company,No,No,No,Marebak,NA
Costa de la Felicidad Limited Liability Company,No,Yes,Yes,Marebak,Maripuerto
Costa del Mar Ges.m.b.H. Marine biology,No,Yes,No,Mawazam,Oceanus
Costa del Mar Incorporated,No,No,Yes,Coralmarica,Oceanus
Costa del Sol Ges.m.b.H.,No,Yes,Yes,Marebak,Jiraputra
Costa del Viento A/S Freight ,No,Yes,No,Mawazam,NA
Costa del Viento Ges.m.b.H.,No,No,Yes,Nalakond,NA
Costa del Viento NV,No,Yes,Yes,Marebak,Marebak
Costa del Viento S.A. de C.V.,No,No,No,Vesperanda,Oceanus
Costa del Viento SRL Shipping,No,No,No,Osterivaria,NA
Daniel Ferry N.V. Transit,No,Yes,No,Osterivaria,Oceanus
Danish Mackerel ОАО Line,No,No,No,Riodelsol,Sol y Oceana
Danish Plaice BV Investment,No,No,No,Vesperanda,NA
Danish Plaice Ltd. Liability Co Logistics,No,No,No,Arreciviento,NA
Danish Plaice Swordfish AB Shipping,No,Yes,No,Mawazam,NA
David Corporation Marine life,No,No,No,Vesperanda,Oceanus
David Limited Liability Company Worldwide,No,No,Yes,Marebak,Kuzalanda
Deep Blue Cargo ship,No,Yes,Yes,Thessalandia,Oceanus
Deep Sea Divers Incorporated Shipping,No,Yes,No,Marebak,Oceanus
Delhi   Limited Liability Company,No,No,No,Arreciviento,Oceanus
Diao er  Inc Brackish,No,No,No,Marebak,Oceanus
Diao yu  BV Logistics,No,No,Yes,Marebak,Oceanus
Diao yu  OJSC Overseas,No,Yes,Yes,Marebak,Marebak
Diao yu bi sai  BV,No,No,No,Oceanus,Oceanus
Diao yu bi sai  Pic,No,No,No,Kondanovia,Isliandor
Dnipro  Breakwater LC Marine sanctuary,No,Yes,Yes,Zawalinda,Zawalinda
Dolphin Dreams AG Forwading,No,No,Yes,Marebak,NA
Donald Sp & Son's,No,No,No,Merigrad,Oceanus
Doris Eel AS Overseas,No,No,Yes,Korvelia,Oceanus
Dry Creek SE Import,No,No,No,Marebak,NA
Dry Creek ОАО Enterprises,No,No,Yes,Kondanovia,Oceanus
Dutch Eel AB Holdings,No,Yes,No,Vesperanda,Oceanus
Dutch Eel LLC Express,No,No,No,Merigrad,NA
Dutch Herring N.V. Worldwide,No,Yes,Yes,Marebak,NA
Dutch Mussels N.V. Transportation,No,No,No,Marebak,NA
Dutch Mussels Tidepool ОАО Express,No,Yes,Yes,Marebak,NA
East Limited Liability Company,No,Yes,Yes,Islavaria,Oceanus
East Mussel Kga Marine conservation,No,No,No,Gavanovia,Oceanus
Edward Beach N.V. Marine ecology,No,No,No,Zawalinda,Sol y Oceana
Edward Tsunami Ges.m.b.H. Family,No,Yes,No,Osterivaria,Oceanus
Estrella de Mar AB,No,No,No,Zawalinda,NA
Estrella de Mar Whale,No,No,No,Brindivaria,NA
Estrella de la Costa Ltd. Corporation Marine biology,No,No,No,Coral Solis,Coralmarica
Estrella de la Costa SRL,No,Yes,No,Mawazam,Oceanus
Estrella del Mar &,No,Yes,Yes,Coralmarica,Coralmarica
Estrella del Mar Forwading,No,No,Yes,Coralmarica,Oceanus
Estrella del Mar Sp,No,Yes,No,Marebak,NA
Estrella del Mar ОАО Shipping,No,No,Yes,Marebak,NA
Estrella del Sol Buoy,Yes,Yes,Yes,Merigrad,Oceanus
Estrella del Sol ОАО,No,Yes,Yes,Oceanus,Oceanus
Ethiopian Highlands  AB Forwading,No,No,No,Faraluna,Oceanus
Ethiopian Highlands  Incorporated Marine biology,No,Yes,No,Osterivaria,NA
Faroe Islands  Company World,No,Yes,Yes,Zawalinda,Coralmarica
Faroe Islands Halibut ОАО,No,No,Yes,Alverossia,Oceanus
Fin Addiction Ltd Line,No,Yes,Yes,Marebak,NA
FinestTaste GmbH & Co. KG,No,No,No,Merigrad,NA
Finests  Salmon Ltd Marine ecology,No,No,No,Merigrad,Oceanus
Fisherman's Bounty Marine GmbH Consulting,No,Yes,No,Marebak,Oceanus
Fisherman's Pride ОАО _,No,No,Yes,Marebak,Oceanus
Flint GmbH & Co. KG Distribution,No,No,No,Vesperanda,Oceanus
Forwading S.A. de C.V.,No,No,Yes,Arreciviento,Oceanus
French  Seabed S.p.A. Forwading,No,Yes,No,Osterivaria,Luminkind
Gambia River   Co Brothers,No,No,No,Vesperanda,Oceanus
Gambia River   Ges.m.b.H. &,No,Yes,No,Osterivaria,NA
Gambia River   GmbH & Co. KG and,No,No,No,Puerto del Mar,Sol y Oceana
Gambia River   N.V. -,No,Yes,Yes,Coral Solis,Oceanus
Greek Mackerel GmbH & Co. KG,No,No,No,Marebak,NA
Greek Octopus Ltd. Corporation,No,No,No,Isliandor,Oceanus
Greek Octopus Ltd. Liability Co,No,No,Yes,Marebak,NA
Greek Octopus SRL Logistics,No,No,No,Merigrad,NA
Greek Sea Bass Company Express,No,Yes,No,Marebak,NA
Greek ermen GmbH United,No,No,No,Valtalmo,Oceanus
Green Valley Fish  Limited Liability Company Delivery,No,Yes,Yes,Puerto del Mar,Lumaland
Green Valley OJSC Services,No,No,No,Osterivaria,NA
Gujarat   Ltd. Liability Co,No,No,No,Arreciviento,Oceanus
Gulf of Guinea   Corporation,No,No,Yes,Marebak,Oceanus
Gulf of Tadjoura  Corp Shipping,No,No,No,Vesperanda,Maripuerto
Haryana Sea  Marine ecology,No,Yes,Yes,Osterivaria,Oceanus
Haryana s Plc Transit,No,No,No,Marebak,NA
Hook S.A. de C.V.,No,No,No,Thessalandia,Thessalandia
Icelandic Oysters S.A. de C.V. Lighthouse,No,Yes,No,Marebak,NA
Icelandic Shrimp Corporation Transport,No,No,No,Isliandor,Oceanus
Iphimedeia LC Dry dock,No,No,No,Anderia del Mar,NA
Iphimedeia S.A. de C.V.,No,No,No,Marebak,Oceanus
Irish Mackerel Ltd. Corporation,No,No,No,Osterivaria,Oceanus
Irish Scallop Corporation Transport,No,No,No,Mawandia,Oceanus
Irish Scallop Inc Freight ,No,No,Yes,Korvelia,Oceanus
Irish Scallop S.A. de C.V.,No,No,No,Luminkind,Oceanus
Isla Azul Limited Liability Company,No,No,Yes,Marebak,Oceanus
Isla Azul Ltd. Liability Co,No,No,No,Coralmarica,Oceanus
Isla del Tesoro Plc,No,No,No,Osterivaria,NA
Isla del Tesoro SE Transport,No,Yes,No,Osterivaria,NA
Italian Sardines Ges.m.b.H. Marine sanctuary,No,No,No,Marebak,Marebak
Italian Sardines Ltd. Liability Co,No,Yes,Yes,Vesperanda,Oceanus
Italian Sword AB Seafaring,No,No,No,Brindisola,NA
Italian Sword Ltd. Liability Co,No,No,No,Vesperanda,Oceanus
Italian Sword Underwater Plc Enterprises,No,Yes,No,Marebak,Oceanus
Jammu & Kashmir Sea  GmbH Shoal,No,No,No,Marebak,Oceanus
Jharkhand Sea  Inc Shipping,No,No,No,Rio Isla,Oceanus
Jiyu  Inc Marine conservation,No,No,Yes,Puerto del Mar,NA
Kallianassa Fish  AG Solutions,No,No,No,Rio Isla,Oceanus
Kambala Limited Liability Company,No,No,No,Islavaria,Oceanus
Kambala Pelican Co Freight ,No,No,No,Osterivaria,NA
Karnataka  Market A/S Transport,No,No,No,Faraluna,Oceanus
Karnataka s Ltd. Liability Co Dashi,No,No,Yes,Puerto del Mar,Sol y Oceana
Kerala  Market - Ges.m.b.H. Cargo,No,Yes,No,Osterivaria,Oceanus
Kerala  Market OJSC Brothers,No,Yes,No,Merigrad,NA
Kerala  Market Plc Transport,No,No,No,Marebak,Islavaragon
Kerala Ltd. Corporation Aqua,No,No,No,Vesperanda,Oceanus
Kga Ltd. Liability Co,No,Yes,No,Zawalinda,NA
Khundu N.V. and Son's,No,No,No,Arreciviento,Oceanus
Kilimajaro Slopes   Incorporated and Son's,No,No,No,Merigrad,Oceanus
Kilwa Coast  Coast NV Delivery,No,No,No,Osterivaria,Oceanus
Kilwa Coast  Limited Liability Company Forwading,No,No,No,Osterivaria,NA
Kilwa Coast  S.A. de C.V. Logistics,No,Yes,No,Osterivella,Oceanus
Konkan Coast  Dashi BV Investment,No,Yes,No,Merigrad,NA
LLC S.A. de C.V.,No,No,Yes,Osterivella,Sol y Oceana
Lake Chad  Ltd. Corporation,No,No,Yes,Vesperanda,Oceanus
Lake Kainji  Corp Investment,No,No,No,Nalakond,NA
Lake Kainji  ОАО Worldwide,No,No,No,Thessalandia,Thessalandia
Lake Kivu   N.V. Carriers,No,Yes,Yes,Merigrad,Oceanus
Lake Kivu   NV Solutions,No,No,Yes,Marifada,NA
Lake Kivu   S.A. de C.V.,No,Yes,No,Solovarossa,Oceanus
Lake Manyara   LLC Express,No,No,Yes,Marebak,NA
Lake Manyara   Limited Liability Company,No,Yes,No,Faraluna,Sol y Oceana
Lake Nakuru  GmbH & Co. KG Import,No,No,No,Vesperanda,Oceanus
Lake Nasser  Tom yum,No,No,No,Marebak,NA
Lake Rukwa  Limited Liability Company,No,No,No,Kondarama,Kondarama
Lake Tana  & Son's,No,Yes,No,Osterivaria,Oceanus
Lake Turkana  SRL Marine life,No,Yes,No,Marebak,NA
Lake Victoria Catch  BV,No,No,Yes,Merigrad,NA
Lake Victoria Catch  LLC,No,Yes,No,Anderia del Mar,NA
Lake Victoria Catch  NV,No,No,Yes,Coralmarica,Oceanus
Lake Victoria Nile    Inc,No,No,No,Isliandor,Oceanus
Leska Limited Liability Company Consulting,No,No,No,Faraluna,Oceanus
Logistics Ltd. Liability Co,No,No,No,Oceanus,Oceanus
Ltd. Corporation Ltd. Liability Co,No,No,No,Marebak,Oceanus
Ltd. Liability Co GmbH,No,Yes,No,Marebak,Oceanus
Ltd. Liability Co Incorporated,No,Yes,No,Marebak,NA
Maacama  Limited Liability Company,No,No,No,Korvelia,Oceanus
Madhya Pradesh   Ltd. Liability Co Freight ,No,Yes,No,Marebak,NA
Madhya Pradesh  Market LLC,No,Yes,Yes,Merigrad,Oceanus
Maharashtra   Ltd. Liability Co,No,Yes,No,Marebak,Oceanus
Maharashtra Sea  AS Seagrass,No,No,No,Marebak,NA
Malawi Rift   GmbH & Co. KG Tidepool,No,Yes,No,Utoporiana,Utoporiana
Manipur   S.A. de C.V.,No,Yes,No,Marebak,Oceanus
Manipur   S.A. de C.V. Carriers,No,No,No,Puerto del Mar,Oceanus
Manipur  Market Corporation Cargo,No,Yes,Yes,Vesperanda,Oceanus
Manipur  Market Ltd. Liability Co,No,No,No,Isliandor,Oceanus
Manipur  Market Ltd. Liability Co Transport,No,No,No,Marebak,Marebak
Mar de Coral ОАО,No,Yes,No,Faraluna,Oceanus
Mar de Cristal Co Transport,No,No,No,Thessalandia,Oceanus
Mar de Cristalino A/S Freight ,No,Yes,Yes,Marebak,NA
Mar de Cristalino Marine,No,No,No,Ariuzima,NA
Mar de Estrellas Inc,No,No,No,Sol y Oceana,Oceanus
Mar de la Aventura Rybachit,No,No,Yes,Osterivaria,NA
Mar de la Costa Import Shark,No,No,No,Merigrad,Oceanus
Mar de la Costa Pic,No,No,No,Marebak,Oceanus
Mar de la Costa Sagl,No,Yes,Yes,Arreciviento,NA
Mar de la Felicidad BV,No,Yes,No,Mawazam,NA
Mar de la Felicidad Corporation,No,No,Yes,Marebak,Oceanus
Mar de la Felicidad Sp,No,No,Yes,Thessalandia,Oceanus
Mar de la Luna S.p.A.,No,Yes,No,Vesperanda,Oceanus
Mar de la Luna Sp,No,No,No,Sol y Oceana,Oceanus
Mar de la Luz AS,No,No,No,Marebak,NA
Mar de la Luz Incorporated,No,No,No,Marebak,NA
Mar de la Luz Ltd. Liability Co,No,No,No,Vesperanda,NA
Mar de la Luz Salmon,No,No,Yes,Marebak,Marebak
Mar de la Vida Inc,No,No,Yes,Puerto del Mar,NA
Mar de la Vida S.p.A.,No,No,Yes,Vesperanda,NA
Mar del Caribe Harbor,No,No,No,Vesperanda,NA
Mar del Caribe LLC,No,No,No,Marebak,Oceanus
Mar del Caribe Sp,No,No,No,Nalakond,Oceanus
Mar del Este & Son's,No,No,No,Marebak,Oceanus
Mar del Este Brine SRL Investment,No,Yes,Yes,Coralmarica,Oceanus
Mar del Este Inc,No,No,No,Anderia del Mar,Oceanus
Mar del Este SRL,No,No,No,Mawazam,Oceanus
Mar del Golfo Limited Liability Company,No,No,No,Faraluna,Oceanus
Mar del Golfo Marine biology ОАО Freight ,No,No,No,Marebak,NA
Mar del Golfo SE,No,No,No,Alverossia,Sol y Oceana
Mar del Golfo Sp,No,No,No,Oceanus,Oceanus
Mar del Norte Corp Express,No,No,No,Marebak,Osterivella
Mar del Norte OJSC,No,No,Yes,Coralmarica,Oceanus
Mar del Norte United,No,Yes,Yes,Zawalinda,Oceanus
Mar del Oeste Cruise ship,No,Yes,No,Arreciviento,NA
Mar del Oeste LLC Marine,No,No,Yes,Merigrad,NA
Mar del Oeste S.p.A. United,No,Yes,Yes,Marebak,Oceanus
Mar del Paraíso AS,No,No,No,Thessalandia,Uzilandor
Mar del Paraíso Corporation,No,No,No,Mawazam,Oceanus
Mar del Paraíso NV Worldwide,No,No,No,Polarisdom,Oceanus
Mar del Placer CJSC Transport,No,Yes,No,Osterivaria,Oceanus
Mar del Placer N.V. Laksa,No,No,No,Faraluna,Oceanus
Mar del Placer Sagl Solutions,No,No,No,Marebak,NA
Mar y Luna Ltd. Liability Co Enterprises,No,Yes,Yes,Puerto del Mar,Oceanus
Mar y Luna Wakame,No,No,No,Vesperanda,Oceanus
Marine Adventures Corp Brothers,No,Yes,No,Ariuzima,Oceanus
Marine Adventures Ltd. Corporation Brothers,No,No,Yes,Alverossia,Oceanus
Marine Masterminds Kga Line,No,No,No,Marebak,Marebak
Marine Masterminds SE Saltwater,No,Yes,No,Vesperanda,Oceanus
Marine Mates Pic Delivery,No,No,No,Marebak,NA
Marine Mermaids Inc Marine conservation,No,No,No,Marebak,Oceanus
Marine Muse Ltd. Corporation Catfish,No,Yes,No,Osterivaria,Oceanus
Marit GmbH & Co. KG,No,Yes,No,Vesperanda,NA
Marmooska Ltd. Liability Co,No,No,Yes,Vesperanda,Oceanus
Matthew Oyj Marine sanctuary,No,No,No,Marebak,NA
Meghalaya  S.A. de C.V.,No,No,No,Merigrad,Oceanus
Meris Bonito NV Express,No,No,Yes,Coral Solis,Coral Solis
Michael Ltd. Corporation Seal,No,Yes,No,Mawazam,NA
Mizoram  S.A. de C.V.,No,No,Yes,Marebak,NA
Monarch Tsunami Ltd. Corporation Merchants,No,Yes,No,Marebak,NA
Mount Kenya  Charter Boat  S.A. de C.V. Industrial,No,No,Yes,Kondanovia,Coralmarica
Mount Kenya  GmbH & Co. KG,No,No,No,Marebak,Sirenareef
Nagaland   Sagl Marine sanctuary,No,No,No,Coralada,Oceanus
Nagaland Sea  Corp Freight ,No,No,No,Marebak,NA
Nagaland Sea  Ltd. Corporation &,No,No,No,Merigrad,NA
Nagaland Sea  N.V. Transit,No,No,Yes,Zawalinda,Oceanus
Nagaland Sea  OJSC United,No,No,No,Merigrad,Oceanus
Nagaland Sea Catch Corp,No,No,No,Merigrad,Oceanus
Nagaland Sea Catch GmbH,No,No,Yes,Marebak,NA
Nagaland Sea Catch LLC Shipping,No,No,No,Zawalinda,Oceanus
Nagaland Sea Catch Ltd. Liability Co Logistics,No,Yes,No,Marebak,NA
Namib Desert  Tidal flat GmbH Logistics,No,No,No,Merigrad,Sol y Oceana
Nautical Navigators Ges.m.b.H. Distribution,No,No,No,Alverossia,NA
Nazhivka Aqua Ltd. Corporation Express,No,No,No,Marebak,NA
Nazhivka Oyj Marine ecology,No,No,No,Arvaros,Oceanus
Neptune's Harvest A/S Import,No,No,No,Marebak,NA
Neptune's Harvest Kga Overseas,No,No,No,Merigrad,NA
Neptune's Realm NV Navigation,No,No,No,Mawazam,Oceanus
Neptune's Realm S.A. de C.V.,No,No,No,Marebak,Oceanus
Niger Bend   S.A. de C.V. Holdings,No,No,No,Merigrad,Oceanus
Niger Bend   Sagl Transit,No,No,Yes,Coral Solis,Oceanus
Niger River   Leska N.V. Delivery,No,No,No,Anderia del Mar,Oceanus
Nile   Ltd. Liability Co Brothers,No,No,No,Merigrad,Oceanus
Nile Crocodile  BV Marine life,No,No,No,Kondarivakia,Oceanus
Noord Limited Liability Company Line,No,No,No,Isliandor,NA
North Limited Liability Company,No,No,No,Marebak,NA
Norwegian Haddock Limited Liability Company,No,No,No,Marebak,Oceanus
Norwegian Haddock Ltd. Corporation Logistics,No,Yes,No,Vesperanda,NA
Norwegian Haddock S.A. de C.V.,No,Yes,Yes,Marebak,NA
Norwegian King Crab Dockyard,No,No,No,Zawalinda,NA
Náutica del Mar Barracuda,No,Yes,No,Islavaria,Oceanus
Náutica del Mar Freight ,No,No,No,Marebak,Oceanus
Náutica del Mar GmbH & Co. KG,No,No,No,Marebak,NA
Náutica del Mar Ltd. Liability Co,No,No,No,Merigrad,NA
Náutica del Mar Sagl,No,Yes,Yes,Zawalinda,Oceanus
Náutica del Norte Ltd. Liability Co Marine biology,No,No,Yes,Merigrad,NA
Náutica del Norte Marina CJSC Marine ecology,No,No,No,Arreciviento,Oceanus
Náutica del Sol Brothers,No,Yes,No,Mawazam,Mawazam
Náutica del Sol CJSC Worldwide,No,No,No,Coralada,NA
Náutica del Sol Port Ltd. Corporation Marine,No,No,Yes,Korvelia,Oceanus
Ob River AS Consulting,No,No,No,Vesperanda,NA
Ob River LLC and Son's,No,No,No,Vesperanda,Oceanus
Ob River Ltd. Liability Co,No,No,Yes,Arreciviento,Lumaland
Ob River Surfboard AG Marine conservation,No,No,No,Kondanovia,Oceanus
Ocean Emporium A/S &,No,No,No,Merigrad,Oceanus
Ocean Emporium Pic Holdings,No,Yes,No,Vesperanda,Oceanus
Ocean Explorers GmbH & Co. KG Cargo,No,No,No,Marebak,NA
Ocean Oasis Ges.m.b.H. Shipping,No,No,No,Brindisola,Kondanovia
Ocean Outfitters Ltd. Corporation,No,No,Yes,Mawazam,Oceanus
OceanFront Delights NV Import,No,No,No,Marebak,NA
OceanKing s SE _,No,Yes,No,Zawalinda,Oceanus
OceanKing s ship Pic Logistics,No,No,No,Coral Solis,NA
OceanSavor Surf Limited Liability Company Logistics,No,Yes,No,Marebak,NA
Oceanfront Oases Co Shipping,No,Yes,No,Vesperanda,NA
Oceanfront Oasis Company Green ,No,Yes,No,Mawazam,Oceanus
Oceanfront Oasis Limited Liability Company Saltwater,No,No,No,Nalakond,Oceanus
Oceanic Explorers Sashimi Incorporated Marine,No,Yes,Yes,Brindisola,Oceanus
Oceanic Oceans OJSC Forwading,No,No,Yes,Marebak,NA
Oceanic Outfitters SE Submarine,No,Yes,No,Mawazam,Oceanus
OceanicDelights Limited Liability Company,No,No,No,Marebak,NA
Océano Azul AG Line,No,No,No,Arreciviento,Alverossia
Océano Azul Incorporated Express,No,No,No,Kondanovia,Polarisdom
Océano de Coral Corporation Marine conservation,Yes,Yes,Yes,Marebak,Oceanus
Océano de Coral NV and Son's,No,Yes,No,Arreciviento,Coralmarica
Océano del Este Abalone,No,No,No,Oceanus,Marebak
Océano del Este Plc,No,Yes,No,Marebak,Isla Solmar
Océano del Este ОАО,No,No,No,Solovarossa,Luminkind
Odisha  Ltd. Liability Co,No,No,Yes,Marebak,Oceanus
Odisha Sea  Creek Incorporated Carriers,No,No,No,Alverossia,Oceanus
Odisha Sea  Ltd. Liability Co Transport,No,No,No,Thessalandia,Oceanus
Okavango Delta  Coast OJSC Marine,No,No,No,Marebak,Oceanus
Ola Azul Ges.m.b.H. Services,No,No,No,Mawandia,Oceanus
Ola Azul SRL United,No,Yes,No,Marebak,NA
Ola de la Costa AS,No,No,No,Nalakond,Sol y Oceana
Ola de la Costa Ges.m.b.H.,No,Yes,No,Merigrad,NA
Ola de la Costa Inc,No,Yes,No,Marebak,Brindisola
Ola de la Costa N.V.,No,No,No,Marebak,NA
Ola de la Costa SE Forwading,No,No,No,Zawalinda,Oceanus
Ola del Este Ltd. Corporation,No,No,No,Merigrad,Oceanus
Ola del Este S.p.A. Express,No,No,Yes,Isliandor,NA
Ola del Mar Brothers,No,No,No,Arreciviento,NA
Ola del Mar Current Corporation Marine,No,No,No,Alverossia,Oceanus
Olas del Mar Ltd,No,No,Yes,Rio Isla,Coralmarica
Orange River Mouth   Inc Shipping,No,No,No,Osterivaria,NA
Orange River Mouth   OJSC Shipping,No,No,No,Puerto del Mar,NA
Orrs GmbH & Co. KG Transport,No,No,No,Faraluna,Faraluna
Pao gan BV Transportation,No,No,No,Morolaria,Oceanus
Paradera S.A. de C.V.,No,Yes,No,Merigrad,NA
Paul Ltd. Liability Co,No,No,No,Marebak,Oceanus
Perla del Mar BV,No,Yes,Yes,Arreciviento,Puerto Sol
Perla del Mar Deep-sea,No,Yes,No,Osterivaria,Oceanus
Playa Azul Sp Shipping,No,Yes,No,Arreciviento,Oceanus
Playa de Arena Ltd. Corporation Carriers,No,No,No,Arreciviento,NA
Playa de Arena OJSC Express,No,Yes,No,Vesperanda,Oceanus
Playa de Arena SRL,No,No,No,Isliandor,Oceanus
Playa de Arena Sagl,No,No,No,Vesperanda,Oceanus
Playa de Arena Submarine S.A. de C.V. Marine,No,Yes,Yes,Vesperanda,Oceanus
Playa de Coral Distribution Marine sanctuary,No,Yes,No,Osterivaria,Oceanus
Playa de Coral Limited Liability Company Express,No,No,No,Marebak,NA
Playa de Oro BV,No,No,Yes,Marebak,Oceanus
Playa de Oro Sashimi,No,No,No,Merigrad,Nalakond
Playa de la Felicidad Ltd Consultants,No,No,No,Marebak,Marebak
Playa de la Felicidad Plc,No,No,No,Islavaria,Oceanus
Playa de la Luna S.p.A.,No,No,No,Brindisola,Coralmarica
Playa del Cielo AB Solutions,No,No,No,Rio Isla,Oceanus
Playa del Cielo AG Delivery,No,No,No,Anderia del Mar,NA
Playa del Cielo Corp Logistics,No,No,No,Marebak,NA
Playa del Cielo Ltd. Corporation,No,No,No,Lumindoria,Oceanus
Playa del Cielo ОАО,No,No,No,Marebak,Marebak
Playa del Mar BV Solutions,No,No,No,Merigrad,Oceanus
Playa del Mar Corporation,No,Yes,Yes,Vesperanda,Coralmarica
Playa del Mar Kga & Son's,No,No,No,Islavaria,NA
Playa del Mar Ltd,No,No,No,Osterivaria,Oceanus
Playa del Tesoro Corporation,No,No,No,Osterivaria,NA
Portuguese Sardines International -,No,No,No,Marebak,NA
Portuguese Sea Bass Canal,No,No,Yes,Utoporiana,Oceanus
Portuguese Sea Bass Ltd. Liability Co,No,No,No,Faraluna,Oceanus
Portuguese Tuna Bonito Kga Consultants,No,No,No,Kondanovia,Oceanus
Poseidon Tanker Inc Marine sanctuary,No,No,No,Syrithania,Oceanus
Poseidon Wave S.p.A. Shipping,No,No,Yes,Zawalinda,NA
Punjab  Market LC Worldwide,No,No,No,Thessalandia,Oceanus
Punjab  Market Ltd. Liability Co Brothers,No,No,No,Ariuzima,Oceanus
Punjab  Market S.A. de C.V. Investment,No,No,No,Marebak,NA
Punjab Sea  CJSC Marine conservation,No,No,No,Osterivaria,NA
Punjab Sea  Ltd. Corporation Marine conservation,No,Yes,No,Marebak,Marebak
Rajasthan  Marine sanctuary Underwater,No,No,Yes,Oceanus,Oceanus
ReefR estaurant Oyj International,No,Yes,Yes,Coralada,Coralada
ReefR estaurant Pic Marine sanctuary,No,No,No,Marebak,Oceanus
ReefRider Foods AB Logistics,No,No,No,Marebak,Marebak
ReefRider Foods S.p.A. Cargo,No,No,No,Merigrad,NA
Richard S.A. de C.V. Solutions,No,Yes,Yes,Arreciviento,Oceanus
Rift Valley fishery GmbH & Co. KG Cargo,No,No,No,Merigrad,Oceanus
Rift Valley fishery LLC,No,Yes,Yes,Isliandor,Oceanus
Rift Valley fishery Marine biology,No,Yes,Yes,Coralmarica,Oceanus
Rift Valley fishery OJSC,No,Yes,No,Marebak,NA
Rift Valley fishery Sagl,No,Yes,Yes,Osterivaria,Oceanus
Ronan A/S Marine sanctuary,No,No,Yes,Coral Solis,Kondanovia
Rufiji River  Ges.m.b.H. Family,No,Yes,No,Vesperanda,Oceanus
S.A. de C.V. CJSC,No,Yes,Yes,Marebak,NA
Sahara  LLC BV Shipping,No,No,No,Thessalandia,Oceanus
Saharan Coast  Trawler SE Marine sanctuary,No,Yes,Yes,Merigrad,Oceanus
Saharan Oasis  Limited Liability Company,No,No,No,Thessalandia,Oceanus
Sailors and Surfers Ges.m.b.H. Services,No,No,Yes,Quornova,Oceanus
SaltSea & Inc Carriers,No,No,No,Oceanus,NA
SaltSea Corp and Son's,No,Yes,Yes,Marebak,Marebak
Saltwater Sanctuary Company Cargo,No,No,No,Marebak,NA
Saltwater Sanctuary Marine ecology,No,No,No,Isliandor,Oceanus
Saltwater Sanctuary ОАО Merchants,No,No,No,Merigrad,Oceanus
Saltwater Sirens Limited Liability Company Marine conservation,No,No,No,Mawazam,Oceanus
Saltwater Sirens S.p.A. International,No,Yes,Yes,Marebak,NA
Saltwater Sisters Ltd. Corporation Shipping,No,Yes,No,Coralada,Oceanus
Saltwater Sizzle Sagl Transport,No,No,No,Sol y Oceana,NA
Saltwater Surf Club S.A. de C.V. Logistics,No,No,Yes,Zawalinda,NA
SaltwaterSatisfactions S.A. de C.V.,No,No,No,Marebak,Marebak
Samaka Chart ОАО Delivery,No,No,Yes,Nalakond,Oceanus
Samaka Ltd. Liability Co Distribution,No,Yes,No,Arreciviento,Oceanus
Sander Ltd. Corporation Leska,No,No,No,Zawalinda,Riodelsol
Scania Whale N.V. Logistics,No,Yes,No,Puerto del Mar,NA
Scottish Lobster AG Transit,No,No,No,Calabrand,Sol y Oceana
Scottish Lobster BV Carriers,No,No,No,Riodelsol,Oceanus
Scottish Lobster Cruise ship SRL Transport,No,Yes,Yes,Marebak,Marebak
Scottish Lobster Ltd. Corporation,No,No,No,Mawazam,Oceanus
Scottish Oysters Consulting Leska,No,No,No,Zawalinda,Sol y Oceana
Sea Breezes AB United,No,No,No,Marebak,NA
Sea Breezes S.A. de C.V. Freight ,No,Yes,No,Isliandor,Coralmarica
Sea Harvest Marine life,No,No,No,Isliandor,Oceanus
Sea Seekers Marine sanctuary,No,No,No,Merigrad,Oceanus
Sea Spray AS Cargo,No,Yes,Yes,Zawalinda,Oceanus
Sea Star LLC Shipping,No,Yes,Yes,Zimawand,Sol y Oceana
Sea Striders Kelp BV Solutions,No,Yes,Yes,Puerto del Mar,Puerto del Mar
Sea Striders ОАО Industrial,No,No,No,Marebak,Oceanus
SeaBass  Lighthouse AG Express,No,No,No,Thessalandia,Thessalandia
SeaBass  Ltd. Liability Co Consulting,No,Yes,No,Mawandia,Oceanus
SeaBass Company Express Estuary,No,Yes,Yes,Zawalinda,Sol y Oceana
SeaFlavors Limited Liability Company Marine,No,Yes,No,Merigrad,Oceanus
SeaLion S.A. de C.V. Freight ,No,Yes,No,Alverossia,Oceanus
SeaSelect Foods Oyj Transport,No,Yes,No,Mawazam,Oceanus
SeaSolutions  Limited Liability Company,No,No,Yes,Brindisola,Brindisola
SeaSplash Navigation Ges.m.b.H. Shipping,No,No,No,Anderia del Mar,NA
SeaTrek Ltd. Corporation Carriers,No,No,No,Marebak,NA
SeaTrekker Sagl Marine ecology,No,No,No,Merigrad,Islavaria
Seafarer's Club GmbH & Co. KG Overseas,No,No,No,Mawazam,Oceanus
Seafarer's Club S.A. de C.V. Transit,No,No,No,Marebak,NA
Seafarer's Club Tuna NV Shipping,No,Yes,No,Zawalinda,Sol y Oceana
Seafaring Souls AB Worldwide,No,No,No,Marebak,NA
Seafoam Kga Marine biology,No,No,No,Marebak,Kondanovia
Seashell Seekers LLC Delivery,No,Yes,No,Marebak,NA
Seashell Seekers Ltd Distribution,No,Yes,Yes,Marebak,NA
Seashell s  Kga Merchants,No,No,No,Marebak,NA
Seashell s  LC Shipping,No,No,Yes,Nalakond,Oceanus
Seaside Strolls A/S Marine ecology,No,No,No,Vesperanda,NA
Seaside Strolls Chart LC Delivery,No,No,Yes,Marebak,NA
Selous Game Reserve  AB,No,No,No,Mawazam,Coralmarica
Selous Game Reserve  SE Solutions,No,No,No,Marebak,NA
Senegal Coast  AG Line,No,No,No,Marebak,Oceanus
Senegal Coast  S.p.A. International,No,No,No,Coralada,Nalakond
Senegal Coast  Whale Ges.m.b.H. Marine,No,Yes,No,Osterivaria,Oceanus
Shanxi Krill SRL Investment,No,No,No,Oceanus,Icarnia
Shanxi S.A. de C.V.,No,No,No,Alverossia,Oceanus
Shona S.A. de C.V.,No,No,No,Zawalinda,Valtalmo
Shou gan  AS Cargo,No,No,No,Marebak,Oceanus
Shou gan  Sagl Mudflat,Yes,Yes,Yes,Oceanus,Oceanus
Shou gan  Tilapia Ges.m.b.H. Investment,No,No,No,Marebak,Isliandor
SilverScales GmbH & Co. KG,No,Yes,No,Oceanus,Oceanus
SilverScales Sagl Marine conservation,No,No,No,Puerto del Mar,Oceanus
Simien Mountains   Company Fish,No,Yes,No,Sol y Oceana,Oceanus
Simien Mountains   GmbH Forwading,No,No,No,Sol y Oceana,Oceanus
Skeleton Coast  OJSC Holdings,No,No,Yes,Faraluna,Oceanus
South Ltd. Liability Co,No,Yes,No,Arreciviento,Oceanus
Spanish Anchovy CJSC Marine,No,Yes,Yes,Merigrad,Oceanus
Spanish Anchovy OJSC International,No,Yes,No,Osterivaria,NA
Spanish Anchovy Underwater Incorporated Family,No,No,Yes,Isliandor,Oceanus
Spanish Mackerel Ltd. Liability Co Consultants,No,No,No,Calabrand,Oceanus
Spanish Shrimp A/S Marine,No,Yes,No,Marebak,NA
Spanish Shrimp Incorporated Carriers,No,Yes,No,Osterivaria,NA
Sparrmans  Inc Marine sanctuary,No,No,Yes,Marebak,NA
Sudd Swamp   S.p.A. Family,No,Yes,No,Marebak,NA
Surf and Sea Marina,No,Yes,Yes,Zawalinda,Oceanus
Surf and Sea Marine,No,No,Yes,Arreciviento,NA
Surf's Up s Sp,No,Yes,No,Marebak,Oceanus
Tamil Nadu   Express Surf,No,Yes,No,Osterivaria,Oceanus
Tamil Nadu   SE Carriers,No,No,Yes,Vesperanda,Puerto Isla
Tamil Nadu   Sagl Marine life,No,No,No,Marebak,NA
Tamil Nadu  Market Limited Liability Company Logistics,No,No,No,Marebak,NA
Tamil Nadu s Barge,No,Yes,No,Vesperanda,NA
Tana River  Company Transit,No,No,No,Marebak,NA
Tangier Coast  Incorporated Delivery,No,No,Yes,Marebak,Oceanus
Telangana  Transit Coral Reef,No,No,No,Marebak,NA
The Salted Pearl ОАО,No,No,No,Marebak,Oceanus
The Salty Dog LLC,No,Yes,Yes,Vesperanda,Oceanus
The Salty Dog Limited Liability Company,No,Yes,Yes,Islavaria,Coralmarica
The Salty Pearl Express,No,Yes,Yes,Marebak,NA
The Salty Pearl SE,No,No,Yes,Puerto del Mar,NA
The Sea Lion Corporation,No,No,No,Mawazam,Oceanus
The Sea Lion S.A. de C.V. Carriers,No,Yes,No,Marebak,Oceanus
The Sea Turtle Plc Consultants,No,No,No,Puerto del Mar,NA
Thoho Ltd. Corporation Logistics,No,Yes,Yes,Marebak,Oceanus
Thoho S.A. de C.V.,No,No,Yes,Arreciviento,Oceanus
Tiao piao  AG Delivery,No,No,Yes,Coral Solis,Oceanus
TidalTaste Tidepool Ltd. Liability Co Carriers,No,Yes,No,Coralada,Oceanus
Tide Turners A/S Delivery,No,No,Yes,Marebak,NA
Togo  Limited Liability Company,No,No,No,Merigrad,Coralmarica
Transit Ltd. Liability Co,No,No,No,Alverossia,Mango del Oro
Tripura  Market Company Marine ecology,No,Yes,Yes,Marebak,Marebak
Tripura  Market S.A. de C.V.,No,Yes,Yes,Vesperanda,Oceanus
Tristen Jetty Company Solutions,No,Yes,No,Merigrad,Oceanus
Turkish Calamari A/S & Son's,No,No,Yes,Marebak,Marebak
Turkish Calamari GmbH Shipping,No,No,No,Osterivaria,NA
Turkish Calamari Plc ship,No,No,No,Puerto del Mar,Oceanus
Turkish Mussels LLC and,No,No,Yes,Oceanus,Oceanus
Turkish Salmon A/S Marine,Yes,No,No,Vesperanda,Oceanus
Turkish Salmon LC Barracuda,No,No,No,Mawazam,Oceanus
Turkish Sword NV Ocean,No,Yes,No,Mawazam,Oceanus
Uttar Pradesh Sea  A/S Express,No,No,No,Merigrad,Oceanus
Uttar Pradesh s Oyj,No,No,No,Marebak,Oceanus
Uttar Pradesh s Transport,No,No,No,Galduzim,Oceanus
Uttarakhand   Tidepool Oyj International,No,Yes,Yes,Marebak,Marebak
Uttarakhand s Current Sagl Line,No,No,Yes,Puerto del Mar,Oceanus
Victoria Falls   OJSC Marine,No,No,No,Osterivaria,Oceanus
Viento Azul Kga Carriers,No,No,Yes,Thessalandia,Oceanus
Viento Azul N.V. Distribution,No,Yes,No,Vesperanda,Nyxonix
Viento y Mar BV,No,No,No,Arreciviento,Oceanus
Viento y Mar Hijiki,Yes,No,No,Marebak,Oceanus
Viento y Mar LC,No,No,No,Nalakond,Oceanus
Vlei-tilapia Regatta S.A. de C.V. Solutions,No,No,Yes,Marebak,NA
Vleikurper LC & Son's,No,No,Yes,Solovarossa,Oceanus
Water Wonders Plc Cargo,No,Yes,No,Marebak,NA
Water Wonders Plc Shipping,No,No,No,Orvietola,Oceanus
Wave Watchers Company United,No,Yes,No,Marebak,Coralmarica
Wave Watchers Ltd. Liability Co,No,Yes,No,Merigrad,Merigrad
Wave Watchers S.p.A. Import,No,No,No,Marebak,NA
Wave Watchers Underwater Ltd. Corporation Solutions,No,Yes,Yes,Marebak,Marebak
West Bengal  A/S Freight ,No,Yes,No,Marifada,Marifada
West Bengal  Ltd. Corporation,No,Yes,Yes,Coralmarica,NA
West Bengal  Ltd. Liability Co,No,No,No,Merigrad,Oceanus
West Bengal  Sp &,No,No,No,Korvelia,Oceanus
Yenisei  Eel GmbH & Co. KG Services,No,Yes,Yes,Merigrad,Oceanus
Yu er he  Bonito,No,Yes,Yes,Marebak,NA
Zambezi Escarpment  ОАО Freight ,No,No,Yes,Marebak,NA
Zambezi Gorge  ОАО Forwading,No,No,Yes,Osterivaria,NA
Zambezi Rapids  Brine Sp Transport,No,No,No,Marebak,NA
Zambezi Rapids  Plc Holdings,No,Yes,Yes,Marebak,Marebak
Zanzibar Archipelago   Incorporated International,No,Yes,No,Marebak,NA
Znamensk Ltd. Liability Co,No,Yes,No,Calabrand,Oceanus
bái suō wěn lú Ges.m.b.H.,No,No,No,Mawazam,Oceanus
bǐ mù yú AG Marine,No,No,No,Mawazam,Oceanus
bǐ mù yú Sagl Distribution,No,No,Yes,Alverossia,Oceanus
guī yú GmbH Shipyard,No,Yes,No,Coralmarica,Coralmarica
guī yú Ltd. Corporation,No,No,No,Oceanus,Oceanus
hǎi mǎ AS Sea spray,No,No,No,Marebak,Marebak
hǎi tún AS Industrial,No,No,No,Isliandor,NA
jīn qiāng yú Express,No,Yes,No,Oceanus,Coral Solis
jīng GmbH & Co. KG,No,No,No,Marebak,NA
lú yú Limited Liability Company International,No,No,No,Alverossia,Oceanus
lú yú S.A. de C.V. International,No,No,Yes,Coral Solis,Oceanus
nián yú Ltd. Corporation,No,Yes,Yes,Merigrad,Oceanus
páng xiè OJSC Worldwide,No,No,No,Kondanovia,Oceanus
shí rén yú Caviar,No,No,No,Marebak,NA
shí rén yú Marine conservation,No,Yes,No,Merigrad,Oceanus
shā yú Ges.m.b.H. Worldwide,No,No,No,Marebak,NA
suō yú GmbH & Co. KG Freight ,No,Yes,No,Mawazam,NA
xiǎo lóng xiā GmbH & Co. KG,No,Yes,Yes,Marebak,Alverossia
xiǎo lóng xiā Inc Worldwide,No,Yes,No,Marebak,NA
xiǎo lóng xiā SRL,No,Yes,No,Marebak,Puerto Sol
xiǎo xiā A/S Holdings,No,No,No,Osterivaria,Oceanus
xiǎo xiā Oyj Marine ecology,No,No,Yes,Coralmarica,Oceanus
xiǎo xiā S.p.A. Deep-sea,No,No,No,Islavaria,Oceanus
xuě yú AS Cargo,No,No,No,Osterivaria,NA
xún yú S.A. de C.V.,No,No,No,Isliandor,Oceanus
zhāng yú Estuary CJSC Marine conservation,No,No,No,Marebak,NA
Himachal Pradesh  BV Holdings,Yes,Yes,No,Merigrad,Oceanus
Pao gan SE Seal,Yes,Yes,Yes,Alverossia,Oceanus
Saltwater Supreme Pelican Ltd Enterprises,Yes,Yes,Yes,Puerto Sol,Oceanus
hǎi dǎn Corporation Wharf,Yes,Yes,Yes,Marebak,Oceanus
Faroe Islands Halibut Sea S.p.A. Distribution,Yes,Yes,No,Baziuzim,Oceanus
Mar del Este CJSC,Yes,Yes,Yes,Merigrad,Oceanus
Sea Striders GmbH Industrial,Yes,No,No,Coralmarica,Oceanus
3 Oceanography ОАО Marine life,Yes,Yes,Yes,Faraluna,Oceanus
Pao gan LC Freight ,Yes,Yes,Yes,-22004,Oceanus
Océano de Coral Corporation Express,Yes,Yes,Yes,Vesperanda,Oceanus
Costa del Sol A/S,Yes,Yes,No,Isliandor,Oceanus
Kong zhong diao yu  Ges.m.b.H.,Yes,Yes,Yes,Oceanus,Oceanus
Punjab s Marine conservation,Yes,Yes,Yes,Riodelsol,Oceanus
Caracola del Sol Services,Yes,Yes,Yes,Puerto Sol,Oceanus
AquaDelight N.V. Coral Reef,Yes,Yes,Yes,Coralmarica,Oceanus
Costa de la Felicidad Shipping,Yes,Yes,Yes,Alverossia,Oceanus
Mar del Paraíso Corporation Logistics,Yes,Yes,Yes,Marebak,Oceanus
Sea Breeze Corporation Marine sanctuary,Yes,Yes,Yes,Coralada,Oceanus
Selous Game Reserve  S.A. de C.V.,Yes,Yes,Yes,Isliandor,Oceanus
The Sea Turtle GmbH & Co. KG,Yes,Yes,Yes,Marebak,Oceanus
Madagascar Coast  AG Freight ,Yes,Yes,Yes,Oceanus,Oceanus
Brisa del Este BV,Yes,Yes,Yes,NA,Oceanus
Olas del Sur Ltd,Yes,Yes,Yes,Faraluna,Oceanus
Costa del Viento Fish  S.p.A. United,Yes,Yes,Yes,Rio Isla,Oceanus
Yu xian  SRL Industrial,Yes,Yes,Yes,Sirenareef,Oceanus
Belgian Cod BV Solutions,Yes,Yes,Yes,Coralmarica,Coralmarica
Caracola Azul Oyj &,Yes,Yes,No,Playa Solis,Oceanus
Caracola del Este Ltd. Liability Co,Yes,Yes,No,Brindivaria,Oceanus
Lake Turkana  Charter Boat  NV Marine,Yes,Yes,No,Alverossia,Oceanus
Saltwater Supreme ОАО Forwading,Yes,Yes,Yes,Puerto Sol,Oceanus
David Ltd. Liability Co Forwading,Yes,Yes,Yes,Coralada,Oceanus
páng xiè S.A. de C.V. Line,Yes,Yes,No,Riodelsol,Oceanus
Adriatic Mackerel Ges.m.b.H. Family,Yes,No,No,Sol y Oceana,Oceanus
Olas del Mar Worldwide,Yes,Yes,Yes,Oceanus,Oceanus
SeaTree Ltd. Liability Co Holdings,Yes,No,Yes,Gavanovia,Oceanus
Arunachal Pradesh s Brine,Yes,Yes,Yes,Nalakond,Oceanus
Mar del Placer Manatee,Yes,Yes,Yes,Puerto del Mar,Oceanus
Lake Kivu   BV United,Yes,Yes,Yes,Vesperand's Bay,Oceanus
Orange River   Incorporated Shipping,Yes,Yes,Yes,Merigrad,Oceanus
Mar de la Vida LC,Yes,No,No,Puerto Sol,Oceanus
Niger Bend   Limited Liability Company Marine ecology,Yes,Yes,No,Quornova,Oceanus
ReefRider Foods Ltd. Corporation Family,Yes,No,Yes,Oceanus,Oceanus
Haryana s Sagl Transport,Yes,Yes,Yes,Osterivaria,Oceanus
Yu gan  Sea spray GmbH Industrial,Yes,Yes,No,Oceanus,Oceanus
Náutica del Sol Corporation,Yes,Yes,No,Mawazam,Oceanus
Maharashtra  Ltd. Liability Co Shipping,Yes,Yes,No,Alverossia,Oceanus
-54,Yes,Yes,Yes,Nalakond,Oceanus
Dutch  Ltd. Liability Co Consultants,No,No,No,Sol y Oceana,Icarnia
Uttarakhand  Market Limited Liability Company Nautical,Yes,Yes,No,Helixia,Oceanus
Coastal Castaway Coast Corporation Worldwide,Yes,No,Yes,Alverossia,Oceanus
Tripura  Pier N.V. Solutions,Yes,Yes,No,Orvietea,Oceanus
Sailors and Surfers Incorporated Enterprises,Yes,Yes,Yes,Puerto Sol,Oceanus
Assam  Market Cargo ship Company Marine conservation,Yes,Yes,No,Faraluna,Oceanus
Coral Cove BV Delivery,Yes,No,No,Quornova,Oceanus
Great Ruaha River  GmbH,Yes,No,No,Puerto Sol,Utoporiana
hǎi dǎn AG Express,Yes,No,No,Polarisdom,Oceanus
Arena Azul Ltd. Corporation,Yes,No,No,Oceanus,Oceanus
Coastal Charm GmbH Transportation,Yes,No,Yes,Zawalinda,Oceanus
Black Sea Tuna Sagl,Yes,No,No,Nalakond,Oceanus
Isla del Mar NV Forwading,Yes,Yes,Yes,Oceanus,Oceanus
Rift Valley fishery Inc,Yes,Yes,Yes,Puerto del Mar,Oceanus
lú yú GmbH & Co. KG,Yes,Yes,Yes,Lumaland,Oceanus
Caracola Azul Ltd. Corporation,Yes,Yes,Yes,Lumaland,Oceanus
Isla del Tesoro GmbH & Co. KG Chart,Yes,Yes,No,Coralmarica,Oceanus
Belgian Shrimps Ocean Corp Holdings,Yes,Yes,Yes,Lumaland,Oceanus
Arunachal Pradesh s Oceanography,Yes,Yes,No,Nalakond,Oceanus
Fisherman's Best Marine conservation,Yes,Yes,No,Marebak,Oceanus
Ancla de Oro Kga Import,Yes,Yes,No,Vesperanda,Oceanus
Niger River   NV Delivery,Yes,No,No,Riodelsol,Oceanus
3 Trawler Corp Distribution,Yes,No,Yes,Brindisola,Oceanus
Mar de Cielo Ltd. Corporation,No,No,No,Rio Isla,Oceanus
-131,Yes,Yes,Yes,NA,Oceanus
SeaBass &  SE Tanker,Yes,Yes,No,Arreciviento,Oceanus
bái suō wěn lú NV,Yes,No,No,Oceanus,Oceanus
Arena del Mar Marine Marine biology,Yes,Yes,No,Coral Solis,Oceanus
Reef Rascals Merchants Dashi,Yes,No,Yes,Osterivaria,Oceanus
Black Sea Tuna Snapper,Yes,Yes,Yes,Puerto Sol,Oceanus
Dubingiai Ltd. Liability Co,Yes,Yes,No,Kondanovia,Oceanus
Portuguese Tuna Incorporated Marine,No,No,Yes,Oceanus,Oceanus
Irish Crab CJSC Shark,Yes,Yes,Yes,Mawazam,Oceanus
Sahara  LLC Co Consultants,Yes,No,Yes,Mango del Oro,Oceanus
Senegal River  LLC Forwading,Yes,No,No,Utoporiana,Oceanus
Tamil Nadu   Corporation Compass,Yes,Yes,No,Utoporiana,Oceanus
Adriatic Tuna Seabass BV Transit,Yes,No,No,Mawazam,Oceanus
Angrapa Ltd. Liability Co Export,Yes,Yes,Yes,Oceanus,Oceanus
Sailors and Surfers Kga Overseas,Yes,Yes,Yes,Galdara,Oceanus
Dutch Bill  CJSC Worldwide,Yes,No,Yes,Puerto Sol,Oceanus
Estrella del Mar N.V. United,Yes,No,No,Jiraputra,Oceanus
Rybachit Sagl and Son's,Yes,No,No,Sol y Oceana,Oceanus
Benguela Current   GmbH Carriers,Yes,No,No,Gavanovia,Oceanus
Briny Import Marine sanctuary,Yes,No,No,Faraluna,Oceanus
Playa del Cielo BV,Yes,No,No,Marebak,Oceanus
-47,Yes,No,No,Puerto Sol,Oceanus
Arena del Sol Sagl,Yes,Yes,No,Marebak,Oceanus
Ola Marina Company Line,Yes,No,Yes,Mawazam,Oceanus
Selkie Ltd. Liability Co,Yes,Yes,No,Lumaland,Riodelsol
