id,shpcountry,rcvcountry
 Direct Herring Company Transit,Mawazam,Coralmarica
1 Limited Liability Company,Lumindoria,Oceanus
1 Ltd. Liability Co Cargo,Mawandia,NA
2 Limited Liability Company,Marebak,Oceanus
2 Wharf S.A. de C.V. Delivery,Merigrad,Oceanus
3 Logistics Tom yum,Mawazam,Oceanus
3 Oceanography ОАО Marine life,Faraluna,Oceanus
4 Limited Liability Company Seaport,Mawazam,Morolaria
4 N.V. Marine biology,Brindisola,Oceanus
4 S.A. de C.V. Shipping,Merigrad,NA
5 Sashimi NV Holdings,Thessalandia,Coralmarica
9 Charter Boat  Plc Overseas,Marebak,NA
9 Marine biology Ltd Family,Mawazam,NA
Adair GmbH & Co. KG Cargo,Puerto del Mar,Oceanus
Adair S.A. de C.V.,Mawazam,Oceanus
Adriatic Catch Bonito Ltd Consultants,Osterivaria,NA
Adriatic Catch Ltd. Liability Co Transportation,Vesperanda,Coralmarica
Adriatic Mackerel S.A. de C.V.,Playa Solis,Oceanus
Adriatic Squid SE Marine conservation,Merigrad,NA
Adriatic Tuna AS Solutions,Mawazam,Oceanus
Adriatic Tuna Ltd. Liability Co,Merigrad,Oceanus
Adriatic Tuna SRL Line,Merigrad,Oceanus
Adriatic Tuna Shipyard GmbH United,Thessalandia,Oceanus
Adriatic Tuna ОАО Carriers,Marebak,Oceanus
Agua Limited Liability Company Services,Brindisola,Oceanus
Agua Ltd. Liability Co,Marebak,Oceanus
Amerigo Dockyard S.p.A. Distribution,Polarinda,Oceanus
Amur  Oceanography LLC Services,Sol y Oceana,Oceanus
Ancla de Oro Ferry,Marebak,Oceanus
Ancla de Oro N.V.,Merigrad,Oceanus
Ancla de Oro Rybachit N.V. & Son's,Zawalinda,Oceanus
Ancla del Este AS,Utoporiana,Oceanus
Ancla del Este Marine life,Alverossia,Oceanus
Ancla del Este Sp Fish ,Zawalinda,NA
Ancla del Este ОАО,Gavanovia,NA
Ancla del Mar BV Solutions,Marebak,NA
Andaman  Ltd. Liability Co,Mawazam,Oceanus
Andhra Pradesh   AB Freight ,Oceanus,Oceanus
Andhra Pradesh   Ges.m.b.H. Industrial,Konalika,Oceanus
Andhra Pradesh   Sextant Oyj Forwading,Zawalinda,Sol y Oceana
Andhra Pradesh  Ltd. Liability Co,Coralmarica,Oceanus
Angeline Sea NV Worldwide,Merigrad,NA
Aqua Advancements Sagl Transport,Coralada,Coralmarica
Aqua Adventures Carriers Seabed,Mawazam,NA
Aqua Adventures Ges.m.b.H. Roe,Marebak,NA
Aqua Adventures Ltd. Liability Co United,Gavanovia,Oceanus
Aqua Anchor Kga Holdings,Mawazam,Utoporiana
Aqua Aura LLC Investment,Marebak,NA
Aqua Aura Nori Ltd. Corporation Brothers,Kondanovia,Coralmarica
Aqua Aura OJSC Marine sanctuary,Korvelia,Brindivaria
Aqua Aura SE Marine life,Kondanovia,Oceanus
Aqua Azul BV Merchants,Coralmarica,Oceanus
Aqua Azul LC International,Arreciviento,Oceanus
Aqua Azul Oyster  BV Freight ,Vesperanda,NA
Aqua Gourmet GmbH & Co. KG Forwading,Nalakond,Oceanus
Aqua Gourmet Ltd. Liability Co Services,Marebak,NA
Aqua Mermaid Ltd. Liability Co,Marebak,NA
Aqua Mermaid Sagl Merchants,Osterivaria,NA
Aqua Mermaid Seafarer Sp Solutions,Isliandor,NA
Aqua Ventures Corporation Industrial,Zawalinda,Sol y Oceana
Aqua Ventures Dry dock,Coralmarica,Lumakari
Aqua Ventures Wave Sp Marine sanctuary,Marebak,NA
AquaBite GmbH & Co. KG Transport,Merigrad,Oceanus
AquaCuisine  Ltd. Liability Co,Osterivaria,Oceanus
AquaCuisine  Ltd. Liability Co Nautilus,Isliandor,Oceanus
AquaCuisine  Surfboard BV Carriers,Lumaland,NA
AquaCuisine AG Marine ecology,Marebak,Marebak
AquaDelicious BV and Son's,Osterivaria,Osterivaria
AquaDelicious Coral Co Holdings,Oceanus,Oceanus
AquaDelicious Marina BV Worldwide,Icarnia,Oceanus
AquaDelight S.A. de C.V. Delivery,Nalakond,NA
AquaFresh Foods CJSC -,Kondarama,Oceanus
AquaFresh Foods Incorporated Logistics,Coral Solis,NA
Aquatic Adventures Company Marine,Coralmarica,Oceanus
Arawak Ltd. Liability Co Transport,Marebak,Oceanus
Arawak Pelican Ltd. Liability Co and Son's,Marebak,NA
Arena Azul Ltd. Liability Co Solutions,Marebak,NA
Arena Azul Sagl Family,Vesperanda,Oceanus
Arena de Coral A/S,Mawazam,Coralmarica
Arena de Coral Express,Mawazam,Oceanus
Arena del Mar Corp Transport,Merigrad,Oceanus
Arena del Mar Tidal Oyj Carriers,Marebak,NA
Arena del Sol GmbH Submarine,Islavaria,Oceanus
Arena del Sol Incorporated,Marebak,Marebak
Arena del Sol Ltd. Liability Co Shipping,Alverossia,Oceanus
Arena del Sol Pic,Merigrad,Oceanus
Arena del Sol SRL,Marebak,Marebak
Arena del Sol Sp Solutions,Marebak,NA
Arunachal  S.A. de C.V. Solutions,Talandria,Rio Isla
Arunachal Pradesh s A/S,Icarnia,NA
Arunachal Pradesh s GmbH,Osterivaria,Oceanus
Arunachal Pradesh s Jetty,Isliandor,Coral Solis
Arunachal Pradesh s LC Marine biology,Riodelsol,NA
Arunachal Pradesh s Ltd,Sol y Oceana,Oceanus
Arunachal Pradesh s N.V.,Marebak,Oceanus
Arunachal Pradesh s NV,Talandria,Talandria
Arunachal Pradesh s Plc,Osterivaria,Oceanus
Arunachal Pradesh s S.A. de C.V.,Kondanovia,Oceanus
Arunachal Pradesh s Sagl,Isliandor,Oceanus
Arunachal Pradesh s ОАО,Merigrad,NA
Asiotr Coral Ltd. Corporation Cargo,Valtalmo,Oceanus
Asiotr GmbH & Co. KG,Merigrad,Oceanus
Asiotr Sailboat Ges.m.b.H. Consulting,Riodelsol,Sol y Oceana
Assam   Limited Liability Company Transit,Merigrad,NA
Assam  Market GmbH & Co. KG Dockyard,Marebak,NA
Assam  Market Kga Brothers,Mawazam,Oceanus
Assam  Market LC World,Puerto del Mar,Konalika
Assam  Market Ltd Forwading,Merigrad,Kondanovia
Asveja America GmbH & Co. KG Freight ,Coralmarica,Oceanus
Atlantic Ocean Coast  Inc & Son's,Vesperanda,Oceanus
Atlantic Ocean Coast  Navigation Corporation Transportation,Anderia del Mar,Sol y Oceana
Atlantic Ocean Coast  S.A. de C.V. Pelican,Osterivaria,NA
Atlantic Ocean Coast  S.p.A.,Rio Isla,Oceanus
AtlanticAppetite Oyster  Ltd. Corporation Investment,Sirenareef,Oceanus
Atlas Mountains  GmbH & Co. KG,Vesperanda,NA
Atlas Mountains  LC and Son's,Marebak,NA
Atlas Mountains  Ltd. Corporation Transportation,Merigrad,NA
Atlántico Sur S.A. de C.V. Solutions,Polarisdom,Oceanus
Bahía Azul AB Export,Marebak,NA
Bahía Azul Plc Delivery,Numilandia,Oceanus
Bahía de Coral Oyj,Puerto Sol,Azurionix
Bahía de Coral SE,Vesperanda,Oceanus
Bahía de Plata Kga Marine life,Marebak,NA
Bahía de Plata Sagl Consulting,Faraluna,Oceanus
Bahía de Plata Trout,Rio Isla,Oceanus
Bahía del Este AB,Galduzim,NA
Bahía del Este Incorporated,Coralmarica,Oceanus
Bahía del Este Sagl,Merigrad,Oceanus
Bahía del Sol - S.p.A. Marine,Osterivaria,Oceanus
Bahía del Sol Deep-sea,Brindisola,Oceanus
Bahía del Sol Kga Consulting,Vesperanda,Oceanus
Bahía del Sol NV,Uzifrica,Oceanus
Bahía del Sol Seabreeze Kga Marine biology,Lumakari,Ivarisia
Bahía del Sol ОАО,Rio Isla,Oceanus
Balkan  GmbH & Co. KG,Osterivaria,Oceanus
Balkan  Ltd. Corporation Marine,Marebak,NA
Balkan Anchovy BV Forwading,Merigrad,Oceanus
Balkan Anchovy Kga Industrial,Marifada,Oceanus
Balkan Anchovy Ltd. Corporation,Faraluna,NA
Balkan Cat ОАО Transport,Vesperanda,Oceanus
Balkan Trout AB Cargo,Lumaland,Oceanus
Baltic Catch Ltd. Liability Co,Marebak,Coralmarica
Baltic Catch Oyj Shipping,Solovarossa,Oceanus
Baltic Catch SE Solutions,Marebak,Jiraputra
Baltic Flounder Inc Transport,Isliandor,Oceanus
Baltic Flounder Salt spray LLC Marine conservation,Merigrad,NA
Baltic Sprat Pic Freight ,Vesperanda,Oceanus
Banded tilapia Corporation Holdings,Solovarossa,Oceanus
Banded tilapia Cruise ship BV Export,Marebak,Oceanus
Banded tilapia Sextant Pic Marine life,Marebak,NA
Barco de Plata CJSC,Marebak,NA
Barco de Plata Express,Osterivaria,Oceanus
Barco de Plata GmbH & Co. KG,Marebak,NA
Barco de Plata Tanker,Marebak,NA
Barents Sea Cod BV Seabed,Lumindoria,Oceanus
Barents Sea Cod Corporation Family,Vesperanda,Islavaragon
Barents Sea Cod Dry dock Pic Transport,Osterivaria,NA
Barents Sea Cod LC Marine biology,Mawazam,Oceanus
Barents Sea Cod Limited Liability Company,Marebak,NA
Barents Sea Cod Ltd. Corporation,Brindisola,Oceanus
Barents Sea Shrimp CJSC Compass,Utoporiana,-22005
Barents Sea Shrimp NV,Merigrad,Oceanus
Barents Sea Shrimp Oyj Solutions,Islavaria,Oceanus
Barents Sea Shrimp Plc,Mawazam,NA
Barents Sea Shrimp Tugboat AB Enterprises,Isliandor,Oceanus
Bay of Bengal's Anchor,Zawalinda,Oceanus
Bay of Bengal's Corp,Osterivaria,Oceanus
Beach Breakers AS Brothers,Osterivaria,NA
Beachcomber's Bounty Ltd Marine ecology,Coralmarica,Oceanus
Belgian  Surf Sp Brothers,Oceanus,Sol y Oceana
Belgian Cod BV Solutions,Coralmarica,Coralmarica
Belgian Lobster AG Shoal,Coralmarica,Oceanus
Belgian Scallop Compass Limited Liability Company Line,Merigrad,Oceanus
Belgian Scallop Harbor ОАО Freight ,Marebak,NA
Big Sulphur  A/S Freight ,Isliandor,NA
Big Sulphur  Inc Delivery,Marebak,NA
Big Sulphur  S.A. de C.V.,Marebak,Oceanus
Bihar   GmbH & Co. KG Shipping,Brindisola,Oceanus
Bihar  OJSC Coral Reef,Coral Solis,Oceanus
Black Sea Anchovy GmbH & Co. KG Import,Zawalinda,Oceanus
Black Sea Anchovy GmbH & Co. KG Services,Vesperanda,Luminkind
Black Sea Anchovy NV,Osterivella,Oceanus
Black Sea Anchovy Pic Wharf,Vesperanda,Oceanus
Black Sea Anchovy S.p.A. Brothers,Merigrad,NA
Black Sea Anchovy Transport,Marivaria,NA
Black Sea Carp OJSC,Osterivaria,Oceanus
Black Sea Sprat Coast AG Shipping,Puerto del Mar,NA
Black Sea Sprat LC Transport,Merigrad,Oceanus
Black Sea Tuna Barracuda,Coralmarica,Coralmarica
Black Sea Tuna S.A. de C.V. Logistics,Marebak,NA
Blue Horizon Family &,Osterivaria,NA
Blue Horizon Inc Transport,Marebak,Marebak
Blue Horizon Limited Liability Company,Osterivaria,Oceanus
Blue Horizon Plc Shipping,Isliandor,Oceanus
Blue Lagoon Marine biology _,Arreciviento,Oceanus
Blue Nile  LLC and Son's,Marebak,NA
Blue Nile  Ltd. Liability Co,Marebak,NA
Blue Nile  OJSC Logistics,Puerto del Mar,Oceanus
Blue Ridge   OJSC Forwading,Zawalinda,Oceanus
Blue S.A. de C.V.,Marebak,NA
Blue Water Ventures Brine AS Enterprises,Marebak,Puerto Sol
Blue Water Ventures Corp,Marebak,Oceanus
Blue Water Ventures N.V.,Coral Solis,NA
Blue Water Ventures Sagl Express,Marebak,Oceanus
BlueWaterBites GmbH & Co. KG Export,Marebak,Oceanus
BlueWaterBites Ltd. Liability Co,Faraluna,Oceanus
Briny Import Marine sanctuary,Faraluna,Oceanus
Brisa Marina CJSC Bonito,Zawalinda,Sol y Oceana
Brisa del Este Brine,Marebak,NA
Brisa del Este GmbH,Marebak,NA
Brisa del Este Inc,Oceanus,Oceanus
Brisa del Este Wave,Marebak,NA
Brisa del Este ОАО Marine sanctuary,Islavaria,Oceanus
Brisa del Mar AB Worldwide,Kondanovia,Oceanus
Brisa del Mar GmbH,Merigrad,Oceanus
Brisa del Mar Inc,Kondanovia,Oceanus
Brisa del Mar Ltd. Liability Co,Marebak,NA
Bu yu wang AG,Zawalinda,Oceanus
Bu yu wang Co Line,Kondanovia,Oceanus
Bu yu wang Inc,Puerto del Mar,Oceanus
Bu yu wang SRL,Marebak,NA
Bu yu wang Sp,Oceanus,Rio Isla
Bujagali Falls  CJSC Brackish,Marebak,NA
Bujagali Falls  SE Freight ,Coralmarica,NA
CJSC S.A. de C.V.,Marebak,NA
Cameroon Estuary  Sagl Carriers,Mawazam,NA
Cape Verde Islands  Fish ,Marebak,NA
Cape Verde Islands  Sp Transportation,Marebak,NA
Cape of Good Hope   Corporation,Marebak,NA
Caracola Azul LLC Cargo,Riodelsol,NA
Caracola Azul Ltd Solutions,Vesperanda,Oceanus
Caracola Azul Tilapia Corp Transport,Marebak,Oceanus
Caracola Marina - Plc Enterprises,Kondanovia,Oceanus
Caracola Marina Ltd Holdings,Vesperanda,Marifada
Caracola de Coral AG Marine sanctuary,Marebak,Oceanus
Caracola del Este Delivery,Arreciviento,Oceanus
Caracola del Este Incorporated,Vesperanda,NA
Caracola del Este N.V.,Zawalinda,Sirenareef
Caracola del Este Pic,Sol y Oceana,Sirenareef
Caracola del Este Plc United,Kondanovia,Oceanus
Caracola del Mar AS,Puerto del Mar,Oceanus
Caracola del Mar LLC Delivery,Ariuzima,Oceanus
Caracola del Mar SRL Logistics,Arreciviento,NA
Caracola del Sol Company Express,Marebak,Oceanus
Caracola del Sol Delivery,Puerto del Mar,Luminkind
Caracola del Sol Incorporated,Merigrad,Oceanus
Caracola del Sol LLC,Zawalinda,Oceanus
Casablanca Coast  Flounder Oyj Line,Marebak,Oceanus
Casablanca Coast  Ltd. Corporation,Marebak,NA
Caspian Sea   AG Line,Coralmarica,Oceanus
Charles Ltd. Liability Co,Marebak,Oceanus
Chhattisgarh   Compass Pic Freight ,Islavaragon,Oceanus
Chhattisgarh   Estuary Sp Marine biology,Thessalandia,Oceanus
Chhattisgarh   GmbH & Co. KG Sea spray,Thessalandia,Oceanus
Chhattisgarh   S.A. de C.V.,Marebak,Marebak
Chhattisgarh  Seafood Ltd. Liability Co Worldwide,Sol y Oceana,Oceanus
Chituku SRL & Son's,Norlindor,Oceanus
Chituku Seabass LLC Delivery,Sol y Oceana,NA
Chituku Trout Inc Cargo,Jiraputra,Pachaputra
Christopher Limited Liability Company,Riodelsol,Oceanus
Chuan gou  Co Marine sanctuary,Marebak,Marebak
Chuan gou  Company Overseas,Sol y Oceana,Oceanus
Chuan gou  N.V. Delivery,Merigrad,Oceanus
Chuan gou  S.p.A. United,Zawalinda,Puerto del Mar
Coastal Castaway AB and Son's,Marebak,NA
Coastal Castaway S.A. de C.V. United,Coralmarica,Oceanus
Coastal Charm AG Overseas,Marebak,Marebak
Coastal Crusaders Ges.m.b.H. Worldwide,Marebak,NA
CoastalCuisine Ltd. Liability Co,Arreciviento,Sol y Oceana
Congo Basin  Limited Liability Company,Puerto Sol,Oceanus
Congo Rapids   Corporation Sextant,Nalakond,Oceanus
Congo Rapids   Ltd. Corporation,Brindivaria,Oceanus
Congo River  S.p.A. Overseas,Kondarama,Puerto del Mar
Consulting Limited Liability Company,Polarinda,Polarinda
Consulting S.A. de C.V.,Merigrad,NA
Coral Azul and OJSC Brothers,Marebak,Coralmarica
Coral Coast Freight  Flotsam,Marebak,NA
Coral Cove BV Brothers,Merigrad,Oceanus
Coral Cove LC Hull,Puerto del Mar,Oceanus
Coral Kingdom AG Transit,Marebak,Oceanus
Coral Kingdom Co Merchants,Rio Isla,NA
Coral del Mar Incorporated,Solovarossa,Oceanus
Coral del Mar Logistics,Mawazam,Oceanus
Coral del Sur AS Port,Marebak,NA
Coral del Sur LLC Transport,Merigrad,Oceanus
Coral del Sur Limited Liability Company,Marebak,Nordica Bay
Coral del Sur Sagl Family,Solovarossa,Oceanus
CoralCove Foods AG Marine conservation,Thessalandia,Oceanus
CoralCove Leska LC Line,Brindivaria,Coralmarica
CoralCrest Limited Liability Company Seabass,Merigrad,NA
Corporation Limited Liability Company,Thessalandia,NA
Costa de Coral Corporation Worldwide,Marebak,NA
Costa de Coral Limited Liability Company Transport,Marebak,Oceanus
Costa de Coral Marine biology SE Consulting,Vesperanda,NA
Costa de Oro BV,Zawalinda,Oceanus
Costa de Oro CJSC,Quirinelle,Oceanus
Costa de Oro Corporation,Galduzim,Oceanus
Costa de Oro S.p.A.,Thessalandia,Oceanus
Costa de la Felicidad Company,Marebak,NA
Costa de la Felicidad Limited Liability Company,Marebak,Maripuerto
Costa de la Felicidad Ltd,Puerto del Mar,NA
Costa del Mar Ges.m.b.H. Marine biology,Mawazam,Oceanus
Costa del Mar Incorporated,Coralmarica,Oceanus
Costa del Sol BV,Isliandor,Oceanus
Costa del Sol Co,Oceanus,Oceanus
Costa del Sol Ges.m.b.H.,Marebak,Jiraputra
Costa del Sol GmbH & Co. KG Family,Marebak,Lumaland
Costa del Viento A/S Freight ,Mawazam,NA
Costa del Viento Ges.m.b.H.,Nalakond,NA
Costa del Viento Incorporated and Son's,Thessalandia,Oceanus
Costa del Viento NV,Marebak,Marebak
Costa del Viento S.A. de C.V.,Vesperanda,Oceanus
Costa del Viento SRL Shipping,Osterivaria,NA
Daniel Ferry N.V. Transit,Osterivaria,Oceanus
Danish  S.A. de C.V.,Coralmarica,Oceanus
Danish Mackerel SE Brothers,Riodelsol,Gavanovia
Danish Mackerel ОАО Line,Riodelsol,Sol y Oceana
Danish Plaice BV Investment,Vesperanda,NA
Danish Plaice Ltd. Liability Co Logistics,Arreciviento,NA
Danish Plaice Swordfish AB Shipping,Mawazam,NA
David Corporation Marine life,Vesperanda,Oceanus
David Limited Liability Company Worldwide,Marebak,Kuzalanda
David Ltd. Liability Co,Marebak,Oceanus
David Ltd. Liability Co Forwading,Coralada,Oceanus
Deep Blue Cargo ship,Thessalandia,Oceanus
Deep Blue Ltd. Corporation Shipping,Marebak,NA
Deep Sea Divers Incorporated Shipping,Marebak,Oceanus
Deep Sea Divers Oyj,Nalakond,Utoporiana
Deep Sea Divers SRL Industrial,Faraluna,Oceanus
Delhi   Limited Liability Company,Arreciviento,Oceanus
Delhi   Ltd. Liability Co,Oceanus,Oceanus
Delhi ers Corp Brine,Merigrad,Oceanus
Delhi ers Ltd. Liability Co,Kondanovia,Oceanus
Delphinia Mussel Ges.m.b.H. Marine biology,Islavaria,NA
Diao er  Inc Brackish,Marebak,Oceanus
Diao er  Pic Marine,Icarnia,Oceanus
Diao yu  BV Logistics,Marebak,Oceanus
Diao yu  OJSC Overseas,Marebak,Marebak
Diao yu bi sai  BV,Oceanus,Oceanus
Diao yu bi sai  Pic,Kondanovia,Isliandor
Diao yu bi sai  Roe LLC Logistics,Marebak,Oceanus
Dnipro  Breakwater LC Marine sanctuary,Zawalinda,Zawalinda
Dolphin Dreams AG Forwading,Marebak,NA
Donald Bonito LLC Line,Mawazam,Oceanus
Donald Sp & Son's,Merigrad,Oceanus
Doris Eel AS Overseas,Korvelia,Oceanus
Drakensberg  Limited Liability Company,Jiraputra,Oceanus
Dry Creek Limited Liability Company,Nalaloria,Oceanus
Dry Creek SE Import,Marebak,NA
Dry Creek SRL Line,Marebak,Oceanus
Dry Creek ОАО Enterprises,Kondanovia,Oceanus
Dubingiai GmbH & Co. KG Brothers,Gavanovia,Gavanovia
Dutch Bill  A/S Distribution,Zawalinda,Ariuzima
Dutch Bill  Marine mist NV Freight ,Merigrad,Oceanus
Dutch Eel AB Holdings,Vesperanda,Oceanus
Dutch Eel Inc Transportation,Thessalandia,Oceanus
Dutch Eel LLC Express,Merigrad,NA
Dutch Eel Ray Company Marine,Isliandor,Oceanus
Dutch Herring N.V. Worldwide,Marebak,NA
Dutch Herring Sandbar LLC Line,Mawazam,Oceanus
Dutch Mussels N.V. Transportation,Marebak,NA
Dutch Mussels S.A. de C.V. Seaport,Marebak,Marebak
Dutch Mussels Tidepool ОАО Express,Marebak,NA
East Limited Liability Company,Islavaria,Oceanus
East Mussel Kga Marine conservation,Gavanovia,Oceanus
Edward Aquamarine LC Transport,Marebak,NA
Edward Beach N.V. Marine ecology,Zawalinda,Sol y Oceana
Edward Ltd. Corporation & Son's,Coralmarica,Sol y Oceana
Edward Tsunami Ges.m.b.H. Family,Osterivaria,Oceanus
Estrella de Mar AB,Zawalinda,NA
Estrella de Mar Corp,Puerto del Mar,Oceanus
Estrella de Mar Mudflat,Zawalinda,Oceanus
Estrella de Mar Pic Express,Solovarossa,Coralmarica
Estrella de Mar Whale,Brindivaria,NA
Estrella de la Costa Inc -,Marebak,Oceanus
Estrella de la Costa Kga Worldwide,Anderia del Mar,Oceanus
Estrella de la Costa Limited Liability Company,Marebak,Oceanus
Estrella de la Costa Ltd. Corporation Marine biology,Coral Solis,Coralmarica
Estrella de la Costa SRL,Mawazam,Oceanus
Estrella del Mar &,Coralmarica,Coralmarica
Estrella del Mar Forwading,Coralmarica,Oceanus
Estrella del Mar Ges.m.b.H. Trawler,Coral Solis,Oceanus
Estrella del Mar Nautilus Ltd Overseas,Vesperanda,Coralmarica
Estrella del Mar SE,Utoporiana,Oceanus
Estrella del Mar SRL,Mawazam,Oceanus
Estrella del Mar Sp,Marebak,NA
Estrella del Mar ОАО Shipping,Marebak,NA
Estrella del Sol Buoy,Merigrad,Oceanus
Estrella del Sol OJSC Express,Marebak,NA
Estrella del Sol ОАО,Oceanus,Oceanus
Ethiopian Highlands  AB Forwading,Faraluna,Oceanus
Ethiopian Highlands  Incorporated Marine biology,Osterivaria,NA
Eukrante S.A. de C.V.,Merigrad,Oceanus
Fan er  Ltd. Corporation,Uzifrica,Icarnia
Faroe Islands  Company World,Zawalinda,Coralmarica
Faroe Islands  Ltd Brothers,Merigrad,Oceanus
Faroe Islands Crab NV,Coralmarica,Oceanus
Faroe Islands Crab Pelican,Marebak,Oceanus
Faroe Islands Halibut ОАО,Alverossia,Oceanus
Faroe Islands Shrimp LLC,Marebak,Oceanus
Fin Addiction Ltd Line,Marebak,NA
Fin Addiction NV Services,Anderia del Mar,Oceanus
Finest S.A. de C.V. Overseas,Osterivaria,NA
FinestTaste GmbH & Co. KG,Merigrad,NA
FinestTastes GmbH & Co. KG Cargo,Merigrad,Oceanus
FinestTastes Ltd. Corporation Solutions,Vesperanda,NA
FinestTastes Marine GmbH & Co. KG Distribution,Anderia del Mar,Mawandia
Finests  Salmon Ltd Marine ecology,Merigrad,Oceanus
Fisherman's Bounty Co Industrial,Solovarossa,Oceanus
Fisherman's Bounty Marine GmbH Consulting,Marebak,Oceanus
Fisherman's Pride AS Export,Zawalinda,Sol y Oceana
Fisherman's Pride ОАО _,Marebak,Oceanus
Flint GmbH & Co. KG Distribution,Vesperanda,Oceanus
Flint Ltd. Liability Co &,Zawalinda,Oceanus
Forwading S.A. de C.V.,Arreciviento,Oceanus
French  Seabed S.p.A. Forwading,Osterivaria,Luminkind
French Sole Limited Liability Company,Arvaros,Oceanus
Fresh Limited Liability Company,Marebak,Marebak
Fresh Limited Liability Company Carriers,Coralmarica,Oceanus
Fresh Seabreeze Corp Services,Isliandor,Oceanus
Gambia River   Co Brothers,Vesperanda,Oceanus
Gambia River   Ges.m.b.H. &,Osterivaria,NA
Gambia River   GmbH & Co. KG and,Puerto del Mar,Sol y Oceana
Gambia River   Limited Liability Company Enterprises,Merigrad,NA
Gambia River   N.V. -,Coral Solis,Oceanus
George Ltd. Liability Co Express,Marebak,NA
George S.A. de C.V.,Marebak,Oceanus
Great Ruaha River  Rybachit Sagl Line,Marebak,Oceanus
Greek Mackerel GmbH & Co. KG,Marebak,NA
Greek Octopus Ltd. Corporation,Isliandor,Oceanus
Greek Octopus Ltd. Liability Co,Marebak,NA
Greek Octopus SRL Logistics,Merigrad,NA
Greek Sea Bass Company Express,Marebak,NA
Greek Sea Bream and,Marebak,Coralmarica
Greek ermen GmbH United,Valtalmo,Oceanus
Greek ermen Marine sanctuary,Marebak,NA
Greek ermen Plc Marine sanctuary,Myriadonia,Oceanus
Greek ermen Roe CJSC Cargo,Marebak,Oceanus
Green Valley Fish  Limited Liability Company Delivery,Puerto del Mar,Lumaland
Green Valley OJSC Services,Osterivaria,NA
Green Valley S.A. de C.V. Caviar,Merigrad,Oceanus
Green Valley Tuna Kga Delivery,Coralmarica,Oceanus
Group Tugboat Pic Logistics,Marebak,NA
Gujarat   Ltd. Liability Co,Arreciviento,Oceanus
Gujarat  Limited Liability Company Merchants,Vesperanda,NA
Gujarat Sea  AB Holdings,Marebak,NA
Gujarat ers Co Consulting,Mawazam,Oceanus
Gujarat ers Inc Worldwide,Kondanovia,Oceanus
Gulf of Guinea   Corporation,Marebak,Oceanus
Gulf of Guinea   Ltd. Corporation,Marebak,Oceanus
Gulf of Guinea   Shipping,Mawalara,Coralmarica
Gulf of Guinea   Sp,Osterivaria,Coralmarica
Gulf of Tadjoura  Corp Shipping,Vesperanda,Maripuerto
Gulf of Tadjoura  N.V. Hull,Zawalinda,Oceanus
Gvardeysk Cargo  SRL Investment,Playa Solis,Playa Solis
Gvardeysk Ocean AB United,Rio Isla,Oceanus
Harbah Ltd. Liability Co Marine,Merigrad,Oceanus
Haryana Sea  Marine ecology,Osterivaria,Oceanus
Haryana Sea  Mussel Inc Export,Talandria,Oceanus
Haryana Sea  N.V. Holdings,Rio Isla,Oceanus
Haryana Sea  N.V. Shipping,Mawazam,Oceanus
Haryana s Ltd Holdings,Osterivaria,NA
Haryana s Plc Transit,Marebak,NA
Himachal Pradesh   Co Express,Marebak,Oceanus
Himachal Pradesh   Creek OJSC Line,Marebak,NA
Himachal Pradesh   Pic Line,Marebak,Nalakond
Himachal Pradesh  BV Shipping,Marebak,Marebak
Himachal Pradesh  Limited Liability Company Solutions,Marebak,NA
Hook Motorboat ОАО Worldwide,Khamseena,Sol y Oceana
Hook S.A. de C.V.,Thessalandia,Thessalandia
Icelandic Cat S.p.A. Investment,Marebak,NA
Icelandic Cod GmbH United,Marebak,NA
Icelandic Oysters S.A. de C.V. Lighthouse,Marebak,NA
Icelandic Oysters _ BV United,Brindivaria,Mawalara
Icelandic Shrimp Corporation Transport,Isliandor,Oceanus
Iphimedeia LC Dry dock,Anderia del Mar,NA
Iphimedeia S.A. de C.V.,Marebak,Oceanus
Irish Mackerel Ltd. Corporation,Osterivaria,Oceanus
Irish Scallop Corporation Transport,Mawandia,Oceanus
Irish Scallop Inc Freight ,Korvelia,Oceanus
Irish Scallop S.A. de C.V.,Luminkind,Oceanus
Irish Sea  S.A. de C.V.,Isliandor,Oceanus
Irish Trout Inc Solutions,Mawazam,Coralmarica
Irtysh  Ltd. Liability Co,Oceanus,Oceanus
Isla Azul Limited Liability Company,Marebak,Oceanus
Isla Azul Ltd. Liability Co,Coralmarica,Oceanus
Isla del Este Kga Tidepool,Rio Isla,Oceanus
Isla del Tesoro AB Forwading,Rio Solovia,Oceanus
Isla del Tesoro Co,Puerto del Mar,Luminkind
Isla del Tesoro Plc,Osterivaria,NA
Isla del Tesoro SE Transport,Osterivaria,NA
Italian Sardines Ges.m.b.H. Marine sanctuary,Marebak,Marebak
Italian Sardines Ltd. Liability Co,Vesperanda,Oceanus
Italian Sword AB Seafaring,Brindisola,NA
Italian Sword Ltd. Liability Co,Vesperanda,Oceanus
Italian Sword Underwater Plc Enterprises,Marebak,Oceanus
Italian Tuna Seabed S.p.A. Express,Osterivaria,NA
Jammu & Kashmir  Company,Merigrad,Merigrad
Jammu & Kashmir  Flotsam,Faraluna,Oceanus
Jammu & Kashmir  Ges.m.b.H. Solutions,Arreciviento,Talandria
Jammu & Kashmir  GmbH,Rio Solovia,Oceanus
Jammu & Kashmir Sea  GmbH Shoal,Marebak,Oceanus
Jharkhand  GmbH & Co. KG United,Oceanus,Oceanus
Jharkhand Sea  Inc Shipping,Rio Isla,Oceanus
Jiangxi Marine biology Corp Forwading,Riodelsol,Coralmarica
Jiangxi Seal Plc Distribution,Coraland,Coraland
Jiyu  Inc Marine conservation,Puerto del Mar,NA
Kallianassa Fish  AG Solutions,Rio Isla,Oceanus
Kambala Limited Liability Company,Islavaria,Oceanus
Kambala Pelican Co Freight ,Osterivaria,NA
Kariba Dam   AS Worldwide,Coralmarica,Oceanus
Karnataka  Market A/S Transport,Faraluna,Oceanus
Karnataka  Market AS Solutions,Coralmarica,Coralmarica
Karnataka s Ltd. Liability Co Dashi,Puerto del Mar,Sol y Oceana
Kerala  Market - Ges.m.b.H. Cargo,Osterivaria,Oceanus
Kerala  Market OJSC Brothers,Merigrad,NA
Kerala  Market OJSC United,Arreciviento,Arreciviento
Kerala  Market Plc Transport,Marebak,Islavaragon
Kerala  Market SRL Wave,Marebak,NA
Kerala  Market Sp United,Faraluna,NA
Kerala Ltd. Corporation Aqua,Vesperanda,Oceanus
Kerala Ltd. Corporation Worldwide,Coralmarica,Oceanus
Kga Ltd. Liability Co,Zawalinda,NA
Khundu N.V. and Son's,Arreciviento,Oceanus
Khundu Sextant Inc Solutions,Brindisola,Oceanus
Kilimajaro Slopes   Incorporated and Son's,Merigrad,Oceanus
Kilwa Coast  Coast NV Delivery,Osterivaria,Oceanus
Kilwa Coast  Limited Liability Company Forwading,Osterivaria,NA
Kilwa Coast  S.A. de C.V. Logistics,Osterivella,Oceanus
Kong zhong diao yu  AB Marine,Merigrad,NA
Konkan Coast  Dashi BV Investment,Merigrad,NA
LLC S.A. de C.V.,Osterivella,Sol y Oceana
La gan  AS Freight ,Marebak,NA
Lake Chad  A/S Worldwide,Coral Solis,Coralmarica
Lake Chad  Ltd. Corporation,Vesperanda,Oceanus
Lake Kainji  Corp Investment,Nalakond,NA
Lake Kainji  ОАО Worldwide,Thessalandia,Thessalandia
Lake Kivu   Corp Hijiki,Mawazam,NA
Lake Kivu   N.V. Carriers,Merigrad,Oceanus
Lake Kivu   NV Solutions,Marifada,NA
Lake Kivu   S.A. de C.V.,Solovarossa,Oceanus
Lake Malawi  Corp United,Sol y Oceana,Oceanus
Lake Malawi  S.A. de C.V.,Isliandor,Oceanus
Lake Manyara   LLC Express,Marebak,NA
Lake Manyara   Limited Liability Company,Faraluna,Sol y Oceana
Lake Manyara   S.A. de C.V.,Sirenareef,Shingrande
Lake Manyara   ОАО Holdings,Marebak,Oceanus
Lake Mweru  Sagl Roe,Brindisola,Brindisola
Lake Nakuru  GmbH & Co. KG Import,Vesperanda,Oceanus
Lake Nakuru  Ltd. Corporation Transport,Marebak,Oceanus
Lake Nasser  SE Freight ,Marebak,NA
Lake Nasser  Tom yum,Marebak,NA
Lake Rukwa  Limited Liability Company,Kondarama,Kondarama
Lake Tana  & Son's,Osterivaria,Oceanus
Lake Turkana  SRL Marine life,Marebak,NA
Lake Victoria Catch  BV,Merigrad,NA
Lake Victoria Catch  LLC,Anderia del Mar,NA
Lake Victoria Catch  NV,Coralmarica,Oceanus
Lake Victoria Nile    Corporation,Sol y Oceana,Oceanus
Lake Victoria Nile    GmbH & Co. KG Fish ,Zawalinda,Oceanus
Lake Victoria Nile    Inc,Isliandor,Oceanus
Lena  Abalone GmbH & Co. KG Freight ,Marebak,NA
Lena  Company Marine ecology,Oceanus,NA
Lena  Limited Liability Company,Marebak,Oceanus
Lena  Marine biology Seaport,Konalika,Oceanus
Leska Limited Liability Company Consulting,Faraluna,Oceanus
Limpopo River  AB Consultants,Zawalinda,Oceanus
Line S.A. de C.V.,Lumindoria,Coralmarica
Liumbwe GmbH & Co. KG,Brindisola,Brindisola
Logistics Ltd. Liability Co,Oceanus,Oceanus
Ltd. Corporation Ltd. Liability Co,Marebak,Oceanus
Ltd. Liability Co GmbH,Marebak,Oceanus
Ltd. Liability Co Incorporated,Marebak,NA
Ltd. Liability Co LC,Merigrad,Oceanus
Ltd. Liability Co ОАО,Faraluna,Oceanus
Luangwa River   Kga Investment,Marebak,Oceanus
Maacama  Limited Liability Company,Korvelia,Oceanus
Madagascar Coast  Kga Marine sanctuary,Coral Solis,Oceanus
Madhya Pradesh   Ltd. Corporation,Rio Isla,Oceanus
Madhya Pradesh   Ltd. Liability Co Freight ,Marebak,NA
Madhya Pradesh  Market GmbH Salt spray,Marebak,NA
Madhya Pradesh  Market Inc,Marebak,NA
Madhya Pradesh  Market LLC,Merigrad,Oceanus
Madhya Pradesh  Market Pic Transportation,Helvoris,Oceanus
Maghreb   Company Marine conservation,Puerto del Mar,Oceanus
Maharashtra   Ltd. Liability Co,Marebak,Oceanus
Maharashtra Sea  AS Seagrass,Marebak,NA
Maharashtra Sea  Cruise ship BV Transportation,Puerto del Mar,Sol y Oceana
Maharashtra Sea  Ltd. Corporation,Vesperanda,Oceanus
Makumba Ltd. Liability Co,Utoporiana,Riodelsol
Malabar Sea Catch Cruise ship,Merigrad,NA
Malabar Sea Catch Limited Liability Company Distribution,Solovarossa,Utoporiana
Malawi Rift   GmbH & Co. KG Tidepool,Utoporiana,Utoporiana
Manipur   S.A. de C.V.,Marebak,Oceanus
Manipur   S.A. de C.V. Carriers,Puerto del Mar,Oceanus
Manipur  Market Corporation Cargo,Vesperanda,Oceanus
Manipur  Market Incorporated Consulting,Merigrad,Oceanus
Manipur  Market LLC Marine,Orvietea,Oceanus
Manipur  Market Ltd. Liability Co,Isliandor,Oceanus
Manipur  Market Ltd. Liability Co Transport,Marebak,Marebak
Manipur  Market S.A. de C.V. Express,Marebak,NA
Manipur  Market and Kga Transit,Isla Solmar,Rio Isla
Mar de Coral ОАО,Faraluna,Oceanus
Mar de Cristal Co Transport,Thessalandia,Oceanus
Mar de Cristal Incorporated Transport,Marebak,Marebak
Mar de Cristal Sagl,Marebak,NA
Mar de Cristalino A/S Freight ,Marebak,NA
Mar de Cristalino Incorporated,Merigrad,Oceanus
Mar de Cristalino Marine,Ariuzima,NA
Mar de Estrellas Enterprises Oceanfront,Kondanovia,Oceanus
Mar de Estrellas Inc,Sol y Oceana,Oceanus
Mar de Estrellas Limited Liability Company,Kondanovia,Coralmarica
Mar de Plata CJSC,Coral Solis,Oceanus
Mar de Plata GmbH Express,Valtalmo,Oceanus
Mar de Plata Trout,Arreciviento,Oceanus
Mar de Sirenas BV Worldwide,Sol y Oceana,Oceanus
Mar de Sirenas Inc,Marebak,Oceanus
Mar de Sirenas Manatee,Arreciviento,NA
Mar de Sirenas SRL Worldwide,Icarnia,Icarnia
Mar de la Aventura Rybachit,Osterivaria,NA
Mar de la Costa Import Shark,Merigrad,Oceanus
Mar de la Costa Pic,Marebak,Oceanus
Mar de la Costa Sagl,Arreciviento,NA
Mar de la Felicidad BV,Mawazam,NA
Mar de la Felicidad Co,Lumakari,Oceanus
Mar de la Felicidad Corporation,Marebak,Oceanus
Mar de la Felicidad Ltd. Liability Co Worldwide,Korvelia,NA
Mar de la Felicidad NV,Vesperanda,Marebak
Mar de la Felicidad Pic,Kondanovia,Oceanus
Mar de la Felicidad Sp,Thessalandia,Oceanus
Mar de la Luna AG Line,Marebak,Oceanus
Mar de la Luna Ltd. Corporation Worldwide,Kondarama,Oceanus
Mar de la Luna S.p.A.,Vesperanda,Oceanus
Mar de la Luna Sp,Sol y Oceana,Oceanus
Mar de la Luz AS,Marebak,NA
Mar de la Luz BV,Marebak,NA
Mar de la Luz Incorporated,Marebak,NA
Mar de la Luz Ltd. Liability Co,Vesperanda,NA
Mar de la Luz Ltd. Liability Co Services,Marebak,NA
Mar de la Luz Salmon,Marebak,Marebak
Mar de la Luz Tom yum Ltd Solutions,Thessalandia,Thessalandia
Mar de la Vida AG,Rio Isla,Oceanus
Mar de la Vida Inc,Puerto del Mar,NA
Mar de la Vida Ltd. Corporation,Icarnia,Lumindoria
Mar de la Vida S.p.A.,Vesperanda,NA
Mar del Caribe AB,Sirenareef,Oceanus
Mar del Caribe Harbor,Vesperanda,NA
Mar del Caribe LLC,Marebak,Oceanus
Mar del Caribe Ltd. Corporation,Marebak,Oceanus
Mar del Caribe Solutions,Coralada,Coralmarica
Mar del Caribe Sp,Nalakond,Oceanus
Mar del Caribe Transport,Vesperanda,Oceanus
Mar del Este & Son's,Marebak,Oceanus
Mar del Este AB,Coralmarica,Coralmarica
Mar del Este Brine SRL Investment,Coralmarica,Oceanus
Mar del Este Inc,Anderia del Mar,Oceanus
Mar del Este Inc Consulting,Marebak,NA
Mar del Este Pic,Merigrad,NA
Mar del Este SRL,Mawazam,Oceanus
Mar del Golfo Limited Liability Company,Faraluna,Oceanus
Mar del Golfo Ltd. Liability Co Lighthouse,Osterivaria,Icarnia
Mar del Golfo Marine biology ОАО Freight ,Marebak,NA
Mar del Golfo Mudflat,Osterivaria,NA
Mar del Golfo SE,Alverossia,Sol y Oceana
Mar del Golfo Sp,Oceanus,Oceanus
Mar del Norte BV,Osterivaria,Oceanus
Mar del Norte Corp Express,Marebak,Osterivella
Mar del Norte Ltd,Faraluna,Oceanus
Mar del Norte OJSC,Coralmarica,Oceanus
Mar del Norte United,Zawalinda,Oceanus
Mar del Oeste -,Zawalinda,Oceanus
Mar del Oeste Corporation,Playa Solis,Oceanus
Mar del Oeste Cruise ship,Arreciviento,NA
Mar del Oeste LLC Marine,Merigrad,NA
Mar del Oeste Pic,Coralmarica,Oceanus
Mar del Oeste S.p.A.,Alverossia,Oceanus
Mar del Oeste S.p.A. United,Marebak,Oceanus
Mar del Oeste SRL,Vesperanda,Oceanus
Mar del Paraíso AS,Thessalandia,Uzilandor
Mar del Paraíso Corporation,Mawazam,Oceanus
Mar del Paraíso NV Worldwide,Polarisdom,Oceanus
Mar del Paraíso Shipyard,Marebak,Marebak
Mar del Placer CJSC Transport,Osterivaria,Oceanus
Mar del Placer N.V. Laksa,Faraluna,Oceanus
Mar del Placer Sagl Solutions,Marebak,NA
Mar y Luna Barracuda OJSC Industrial,Marebak,NA
Mar y Luna Kga,Marebak,Marebak
Mar y Luna Ltd. Liability Co Enterprises,Puerto del Mar,Oceanus
Mar y Luna Wakame,Vesperanda,Oceanus
Mar y Viento Corp,Oceanus,NA
Mar y Viento Incorporated,Marebak,Oceanus
Marine Adventures Corp Brothers,Ariuzima,Oceanus
Marine Adventures Ltd. Corporation Brothers,Alverossia,Oceanus
Marine Adventures Seabreeze AS Forwading,Osterivella,NA
Marine Magic Herring Incorporated Transit,Marebak,NA
Marine Masterminds Kga Line,Marebak,Marebak
Marine Masterminds SE Saltwater,Vesperanda,Oceanus
Marine Mates Ltd. Liability Co,Helixia,Talandria
Marine Mates Pic Delivery,Marebak,NA
Marine Mavericks CJSC Barracuda,Marebak,Oceanus
Marine Mavericks Marine biology,Islavaria,Oceanus
Marine Mermaids Inc Marine conservation,Marebak,Oceanus
Marine Mermaids Incorporated Services,Marebak,Oceanus
Marine Muse Ltd. Corporation Catfish,Osterivaria,Oceanus
Marit GmbH & Co. KG,Vesperanda,NA
Marlin Masters GmbH Industrial,Marebak,NA
Marmooska Ltd. Liability Co,Vesperanda,Oceanus
Matshakala Ltd. Liability Co,Rio Isla,NA
Matthew Oyj Marine sanctuary,Marebak,NA
Mediterranean s S.p.A. Shipping,Korvelonia,NA
Mediterranean s Sagl Logistics,Coralmarica,Oceanus
Meghalaya  LLC Marine biology,Coralmarica,Coralmarica
Meghalaya  S.A. de C.V.,Merigrad,Oceanus
Melanippe GmbH & Co. KG,Puerto del Mar,NA
Meris Bonito NV Express,Coral Solis,Coral Solis
Meris Cargo ship Ltd. Liability Co Cargo,Osterivella,NA
Meris Current Corp Transportation,Solovarossa,Coralmarica
Meris Ltd. Liability Co Worldwide,Arvaros,Arvaros
Michael Ltd. Corporation Seal,Mawazam,NA
Mizoram  S.A. de C.V.,Marebak,NA
Monarch Tsunami Ltd. Corporation Merchants,Marebak,NA
Mount Kenya  Charter Boat  S.A. de C.V. Industrial,Kondanovia,Coralmarica
Mount Kenya  Company Marine,Nalakond,Oceanus
Mount Kenya  GmbH & Co. KG,Marebak,Sirenareef
Nagaland   Sagl Marine sanctuary,Coralada,Oceanus
Nagaland Sea  Corp Freight ,Marebak,NA
Nagaland Sea  Ltd. Corporation &,Merigrad,NA
Nagaland Sea  N.V. Transit,Zawalinda,Oceanus
Nagaland Sea  OJSC United,Merigrad,Oceanus
Nagaland Sea Catch Corp,Merigrad,Oceanus
Nagaland Sea Catch GmbH,Marebak,NA
Nagaland Sea Catch LLC Shipping,Zawalinda,Oceanus
Nagaland Sea Catch Ltd. Liability Co,Marebak,Marebak
Nagaland Sea Catch Ltd. Liability Co Logistics,Marebak,NA
Nagaland Sea Catch Shoal,Marebak,NA
Namib Desert  LC Delivery,Marebak,NA
Namib Desert  Tidal flat GmbH Logistics,Merigrad,Sol y Oceana
Nautical Navigators Fish  Incorporated Line,Sol y Oceana,Nalakond
Nautical Navigators Ges.m.b.H. Distribution,Alverossia,NA
Nazhivka Aqua Ltd. Corporation Express,Marebak,NA
Nazhivka Oyj Marine ecology,Arvaros,Oceanus
Neptune's Harvest A/S Import,Marebak,NA
Neptune's Harvest Kga Overseas,Merigrad,NA
Neptune's Kingdom Coral Reef AB Consulting,Zawalinda,Oceanus
Neptune's Realm NV Navigation,Mawazam,Oceanus
Neptune's Realm S.A. de C.V.,Marebak,Oceanus
Niger Bend   S.A. de C.V. Holdings,Merigrad,Oceanus
Niger Bend   Sagl Transit,Coral Solis,Oceanus
Niger Delta   AS Express,Alverossia,Oceanus
Niger Delta   Company Transport,Oceanus,Oceanus
Niger River   Leska N.V. Delivery,Anderia del Mar,Oceanus
Niger River Delta  America Limited Liability Company Delivery,Marebak,NA
Niger River Delta  Oyj Abalone,Oceanus,Oceanus
Niger River Delta  Transport,Marebak,NA
Nile   Ltd. Liability Co,Marebak,Oceanus
Nile   Ltd. Liability Co Brothers,Merigrad,Oceanus
Nile Crocodile  BV Marine life,Kondarivakia,Oceanus
Noord Limited Liability Company Line,Isliandor,NA
North Atlantic  Merchants &,Nalakond,Oceanus
North Limited Liability Company,Marebak,NA
Norwegian Haddock Limited Liability Company,Marebak,Oceanus
Norwegian Haddock Ltd. Corporation Logistics,Vesperanda,NA
Norwegian Haddock S.A. de C.V.,Marebak,NA
Norwegian King Crab Dockyard,Zawalinda,NA
Norwegian King Crab GmbH,Kondanovia,Coralmarica
Norwegian Shrimp BV Express,Kondanovia,Oceanus
Norwegian Shrimp Ltd. Corporation,Korvelia,NA
Náutica del Este OJSC,Marebak,Marebak
Náutica del Mar Barracuda,Islavaria,Oceanus
Náutica del Mar Enterprises,Brindisolarix,Zawalinda
Náutica del Mar Freight ,Marebak,Oceanus
Náutica del Mar GmbH & Co. KG,Marebak,NA
Náutica del Mar LLC Worldwide,Merigrad,NA
Náutica del Mar Ltd. Liability Co,Merigrad,NA
Náutica del Mar OJSC,Korvelonia,Oceanus
Náutica del Mar Sagl,Zawalinda,Oceanus
Náutica del Norte Ltd. Liability Co Marine biology,Merigrad,NA
Náutica del Norte Ltd. Liability Co Transit,Puerto del Mar,Luminkind
Náutica del Norte Marina CJSC Marine ecology,Arreciviento,Oceanus
Náutica del Sol Brothers,Mawazam,Mawazam
Náutica del Sol CJSC Worldwide,Coralada,NA
Náutica del Sol Ges.m.b.H.,Puerto Sol,Puerto Sol
Náutica del Sol Port Ltd. Corporation Marine,Korvelia,Oceanus
Náutica del Sol S.p.A.,Thessalandia,Lumakari
Náutica del Sol SE,Rio Isla,Maripuerto
Náutica del Sol SRL Line,Sol y Oceana,Sol y Oceana
OOO CJSC Marine biology,Brindisola,NA
OOO Limited Liability Company and Son's,Merigrad,NA
OOO Snapper Sp Holdings,Merigrad,Oceanus
Ob River AS Consulting,Vesperanda,NA
Ob River LLC and Son's,Vesperanda,Oceanus
Ob River Ltd. Liability Co,Arreciviento,Lumaland
Ob River Surfboard AG Marine conservation,Kondanovia,Oceanus
Ocean Emporium - AB Marine,Puerto del Mar,Oceanus
Ocean Emporium A/S &,Merigrad,Oceanus
Ocean Emporium Pic Holdings,Vesperanda,Oceanus
Ocean Explorers Corporation Marine,Marebak,NA
Ocean Explorers GmbH & Co. KG Cargo,Marebak,NA
Ocean Oasis Ges.m.b.H. Shipping,Brindisola,Kondanovia
Ocean Oasis S.A. de C.V. Transport,Thessalandia,Oceanus
Ocean Outfitters Corp Holdings,Merigrad,Oceanus
Ocean Outfitters Ltd. Corporation,Mawazam,Oceanus
Ocean Outlaws Seafarer Sp Shipping,Osterivaria,NA
Ocean Outlaws Submarine CJSC Transportation,Vesperanda,Oceanus
OceanFront Delights NV Import,Marebak,NA
OceanFront Delights OJSC Tidepool,Zawalinda,Oceanus
OceanFront Delights Sagl Enterprises,Zawalinda,Oceanus
OceanKing s SE _,Zawalinda,Oceanus
OceanKing s ship Pic Logistics,Coral Solis,NA
OceanSavor Ltd. Liability Co Transport,Marebak,NA
OceanSavor Surf Limited Liability Company Logistics,Marebak,NA
Oceanfront Oases Co Shipping,Vesperanda,NA
Oceanfront Oasis Company Green ,Mawazam,Oceanus
Oceanfront Oasis Limited Liability Company Saltwater,Nalakond,Oceanus
Oceanic Blue Plc Holdings,Merigrad,Marebak
Oceanic Explorers Sashimi Incorporated Marine,Brindisola,Oceanus
Oceanic Oasis OJSC Consultants,Coralmarica,Kuzalanda
Oceanic Oasis S.A. de C.V.,Coralmarica,Oceanus
Oceanic Oceans OJSC Forwading,Marebak,NA
Oceanic Oceans SE Worldwide,Osterivaria,Oceanus
Oceanic Outfitters Estuary LC Worldwide,Thessalandia,Oceanus
Oceanic Outfitters SE Submarine,Mawazam,Oceanus
OceanicDelights Limited Liability Company,Marebak,NA
OceanicDelights Limited Liability Company Shipping,Brindisola,NA
Océano Azul AG Line,Arreciviento,Alverossia
Océano Azul Incorporated Express,Kondanovia,Polarisdom
Océano de Coral Corporation Marine conservation,Marebak,Oceanus
Océano de Coral NV and Son's,Arreciviento,Coralmarica
Océano del Este Abalone,Oceanus,Marebak
Océano del Este Co,Marebak,Coralmarica
Océano del Este Company,Marebak,Oceanus
Océano del Este Plc,Marebak,Isla Solmar
Océano del Este ОАО,Solovarossa,Luminkind
Odisha  Ltd. Liability Co,Marebak,Oceanus
Odisha  S.A. de C.V.,Marebak,Oceanus
Odisha Sea  Creek Incorporated Carriers,Alverossia,Oceanus
Odisha Sea  Ltd. Liability Co Transport,Thessalandia,Oceanus
Okavango Delta  Coast OJSC Marine,Marebak,Oceanus
Okavango Delta  Pic Family,Puerto Sol,Puerto Sol
Okavango River  NV Marine life,Kondanovia,Oceanus
Ola Azul Ges.m.b.H. Services,Mawandia,Oceanus
Ola Azul SRL United,Marebak,NA
Ola de la Costa AS,Nalakond,Sol y Oceana
Ola de la Costa Ges.m.b.H.,Merigrad,NA
Ola de la Costa Inc,Marebak,Brindisola
Ola de la Costa N.V.,Marebak,NA
Ola de la Costa SE Forwading,Zawalinda,Oceanus
Ola del Este Inc,Osterivaria,Sol y Oceana
Ola del Este Ltd. Corporation,Merigrad,Oceanus
Ola del Este S.p.A. Express,Isliandor,NA
Ola del Este Saltwater,Osterivaria,Oceanus
Ola del Mar Brothers,Arreciviento,NA
Ola del Mar Current Corporation Marine,Alverossia,Oceanus
Ola del Mar SRL,Zawalinda,Sol y Oceana
Olas del Mar Inc International,Mawazam,Oceanus
Olas del Mar Ltd,Rio Isla,Coralmarica
Olas del Mar OJSC,Marebak,Oceanus
Olas del Mar Yacht,Riodelsol,Oceanus
Olas del Sur Corp,Marebak,Oceanus
Olas del Sur Ltd,Faraluna,Oceanus
Orange River   AS Seagull,Thessalandia,Oceanus
Orange River Mouth   Co Transport,Sol y Oceana,Lumaland
Orange River Mouth   Inc Shipping,Osterivaria,NA
Orange River Mouth   OJSC Shipping,Puerto del Mar,NA
Orange River Mouth   S.A. de C.V. Barge,Puerto del Mar,Sol y Oceana
Oranjestad Limited Liability Company,Thessalandia,Alverossia
Orrs GmbH & Co. KG Transport,Faraluna,Faraluna
Orrs Limited Liability Company,Vientoro,NA
Orrs Starfish S.A. de C.V. Cargo,Thessalandia,Coralmarica
Pao gan BV Transportation,Morolaria,Oceanus
Paradera GmbH & Co. KG,Kondanovia,Oceanus
Paradera S.A. de C.V.,Merigrad,NA
Paul Ltd. Liability Co,Marebak,Oceanus
Perla del Mar BV,Arreciviento,Puerto Sol
Perla del Mar Deep-sea,Osterivaria,Oceanus
Playa Azul Sp Shipping,Arreciviento,Oceanus
Playa Blanca Limited Liability Company,Coralmarica,NA
Playa de Arena Current,Islavaria,Oceanus
Playa de Arena Ltd. Corporation Carriers,Arreciviento,NA
Playa de Arena NV,Vesperanda,Oceanus
Playa de Arena OJSC Express,Vesperanda,Oceanus
Playa de Arena SE Underwater,Oceanus,Oceanus
Playa de Arena SRL,Isliandor,Oceanus
Playa de Arena Sagl,Vesperanda,Oceanus
Playa de Arena Submarine S.A. de C.V. Marine,Vesperanda,Oceanus
Playa de Coral Distribution Marine sanctuary,Osterivaria,Oceanus
Playa de Coral Limited Liability Company Express,Marebak,NA
Playa de Oro BV,Marebak,Oceanus
Playa de Oro Cargo ship,Utoporiana,Oceanus
Playa de Oro OJSC,Osterivaria,Oceanus
Playa de Oro Oyj,Arreciviento,Coralmarica
Playa de Oro Sashimi,Merigrad,Nalakond
Playa de la Felicidad Forwading Salmon,Marebak,NA
Playa de la Felicidad LC,Riodelsol,Oceanus
Playa de la Felicidad Ltd Consultants,Marebak,Marebak
Playa de la Felicidad Plc,Islavaria,Oceanus
Playa de la Luna & Son's,Islavaria,Oceanus
Playa de la Luna Carriers Seafarer,Marebak,NA
Playa de la Luna S.p.A.,Brindisola,Coralmarica
Playa del Cielo AB Solutions,Rio Isla,Oceanus
Playa del Cielo AG Delivery,Anderia del Mar,NA
Playa del Cielo BV,Marebak,Oceanus
Playa del Cielo CJSC,Puerto del Mar,Oceanus
Playa del Cielo Corp Logistics,Marebak,NA
Playa del Cielo Ges.m.b.H.,Riodelsol,Oceanus
Playa del Cielo Ltd. Corporation,Lumindoria,Oceanus
Playa del Cielo SRL,Merigrad,NA
Playa del Cielo ОАО,Marebak,Marebak
Playa del Mar BV Solutions,Merigrad,Oceanus
Playa del Mar Company,Marebak,NA
Playa del Mar Corporation,Vesperanda,Coralmarica
Playa del Mar Kga & Son's,Islavaria,NA
Playa del Mar Limited Liability Company Marine conservation,Merigrad,NA
Playa del Mar Ltd,Osterivaria,Oceanus
Playa del Mar Sagl,Rio Isla,Oceanus
Playa del Sol Company Delivery,Zawalinda,Sol y Oceana
Playa del Sol Incorporated,Sol y Oceana,Oceanus
Playa del Tesoro Corporation,Osterivaria,NA
Playa del Tesoro Limited Liability Company,Solovarossa,Zaloria
Playa del Tesoro Plc Kelp,Merigrad,Coralmarica
Playa del Tesoro S.p.A. Enterprises,Mawazam,NA
Playa del Tesoro SE,Marebak,NA
Portuguese Octopus Whale Inc Transport,Mawazam,Coralmarica
Portuguese Sardines AB Marine sanctuary,Marebak,NA
Portuguese Sardines International -,Marebak,NA
Portuguese Sea Bass - N.V. Express,Merigrad,NA
Portuguese Sea Bass AS Marine,Marebak,NA
Portuguese Sea Bass Canal,Utoporiana,Oceanus
Portuguese Sea Bass Ltd. Liability Co,Faraluna,Oceanus
Portuguese Tuna A/S Cargo,Vesperanda,Oceanus
Portuguese Tuna Bonito Kga Consultants,Kondanovia,Oceanus
Poseidon Tanker Inc Marine sanctuary,Syrithania,Oceanus
Poseidon Wave S.p.A. Shipping,Zawalinda,NA
Pradesh   Hull S.A. de C.V. Transit,Coral Solis,Oceanus
Pradesh   S.A. de C.V.,Arreciviento,Coralmarica
Punjab  Market LC Worldwide,Thessalandia,Oceanus
Punjab  Market Limited Liability Company,Merigrad,Oceanus
Punjab  Market Ltd. Liability Co Brothers,Ariuzima,Oceanus
Punjab  Market S.A. de C.V. Investment,Marebak,NA
Punjab Sea  CJSC Marine conservation,Osterivaria,NA
Punjab Sea  Ltd. Corporation Marine conservation,Marebak,Marebak
Rajasthan  GmbH & Co. KG,Sol y Oceana,Sol y Oceana
Rajasthan  Ltd. Liability Co,Nalakond,Oceanus
Rajasthan  Marine sanctuary Underwater,Oceanus,Oceanus
Rajasthan  Market Wakame Corp United,Thessalandia,Oceanus
Rajasthan  Seabass GmbH & Co. KG Cargo,Zawalinda,Valtalmo
Reef Rascals Ltd. Corporation Cargo,Vesperanda,NA
ReefR estaurant Oyj International,Coralada,Coralada
ReefR estaurant Pic Marine sanctuary,Marebak,Oceanus
ReefRider Foods AB Logistics,Marebak,Marebak
ReefRider Foods S.p.A. Cargo,Merigrad,NA
Richard S.A. de C.V. Solutions,Arreciviento,Oceanus
Rift Valley fishery A/S,Coralada,Oceanus
Rift Valley fishery Anchor,Kuzalanda,Oceanus
Rift Valley fishery Corp,Coralmarica,Coraland
Rift Valley fishery GmbH & Co. KG Cargo,Merigrad,Oceanus
Rift Valley fishery LC,Merigrad,Oceanus
Rift Valley fishery LLC,Isliandor,Oceanus
Rift Valley fishery Marine biology,Coralmarica,Oceanus
Rift Valley fishery OJSC,Marebak,NA
Rift Valley fishery SRL Line,Valtalmo,Sol y Oceana
Rift Valley fishery Sagl,Osterivaria,Oceanus
River Gambia  Company Services,Mawandia,Sol y Oceana
Romero Aquatic GmbH & Co. KG Overseas,Oceanus,NA
Romero Limited Liability Company Marine,Solovarossa,Coralmarica
Romero Ltd and Son's,Coralada,Oceanus
Ronan A/S Marine sanctuary,Coral Solis,Kondanovia
Ronan Laksa OJSC Worldwide,Osterivaria,Oceanus
Ronan Ltd. Liability Co,Korvelia,Oceanus
Rufiji River  Ges.m.b.H. Family,Vesperanda,Oceanus
Rufiji River  LLC Logistics,Osterivaria,NA
Rybachit Limited Liability Company,Osterivaria,Oceanus
S.A. de C.V. CJSC,Marebak,NA
S.A. de C.V. Incorporated,Osterivaria,Osterivaria
S.A. de C.V. S.A. de C.V.,Puerto del Mar,Oceanus
Sahara  LLC BV Shipping,Thessalandia,Oceanus
Sahara  LLC Sagl Marine life,Marebak,NA
Saharan Coast  Trawler SE Marine sanctuary,Merigrad,Oceanus
Saharan Oasis  Limited Liability Company,Thessalandia,Oceanus
Saharan Oasis  Ltd. Liability Co,Merigrad,Oceanus
Sailors and Surfers & AG Shipping,Merigrad,Oceanus
Sailors and Surfers Ges.m.b.H. Services,Quornova,Oceanus
SaltSea & Inc Carriers,Oceanus,NA
SaltSea Corp and Son's,Marebak,Marebak
Saltwater Sanctuary Company Cargo,Marebak,NA
Saltwater Sanctuary Marine ecology,Isliandor,Oceanus
Saltwater Sanctuary ОАО Merchants,Merigrad,Oceanus
Saltwater Sirens Coral Reef A/S Enterprises,Coralmarica,Oceanus
Saltwater Sirens Limited Liability Company Marine conservation,Mawazam,Oceanus
Saltwater Sirens Ltd. Liability Co Rybachit,Coralmarica,Oceanus
Saltwater Sirens S.p.A. International,Marebak,NA
Saltwater Sirens SE Marine,Zawalinda,NA
Saltwater Sisters Ltd. Corporation Shipping,Coralada,Oceanus
Saltwater Sizzle Sagl Transport,Sol y Oceana,NA
Saltwater Surf Club -,Arvaros,Oceanus
Saltwater Surf Club S.A. de C.V. Logistics,Zawalinda,NA
SaltwaterSatisfactions S.A. de C.V.,Marebak,Marebak
SaltwaterSavor Limited Liability Company,Gavanovia,Oceanus
SaltwaterSelections LC & Son's,Lumindoria,Lumindoria
SaltwaterSnacks S.A. de C.V. and Son's,Lumakari,Oceanus
Samaka Chart ОАО Delivery,Nalakond,Oceanus
Samaka Cruise ship LC Marine life,Brindisola,Brindisola
Samaka Ltd. Liability Co Distribution,Arreciviento,Oceanus
Sander Ltd. Corporation Leska,Zawalinda,Riodelsol
Savaneta Otter GmbH Investment,Nalakond,Helvoris
Scania Whale N.V. Logistics,Puerto del Mar,NA
Scottish Herring Ltd. Liability Co,Merigrad,Maripuerto
Scottish Lobster AG Transit,Calabrand,Sol y Oceana
Scottish Lobster BV Carriers,Riodelsol,Oceanus
Scottish Lobster Cruise ship SRL Transport,Marebak,Marebak
Scottish Lobster Ltd. Corporation,Mawazam,Oceanus
Scottish Oysters Consulting Leska,Zawalinda,Sol y Oceana
Scottish Oysters Import Buoy,Merigrad,Oceanus
Sea Breeze Aquatic Ltd. Liability Co Solutions,Faraluna,NA
Sea Breezes AB United,Marebak,NA
Sea Breezes S.A. de C.V. Freight ,Isliandor,Coralmarica
Sea Harvest Aquatic GmbH Marine sanctuary,Rio Isla,Rio Isla
Sea Harvest Marine life,Isliandor,Oceanus
Sea Seekers Marine sanctuary,Merigrad,Oceanus
Sea Spray AS Cargo,Zawalinda,Oceanus
Sea Spray Plc Carriers,Marebak,NA
Sea Star LLC Shipping,Zimawand,Sol y Oceana
Sea Star Marine life,Marebak,NA
Sea Striders Co Krill,Marebak,NA
Sea Striders Kelp BV Solutions,Puerto del Mar,Puerto del Mar
Sea Striders NV Marine sanctuary,Rio Isla,Oceanus
Sea Striders ОАО Industrial,Marebak,Oceanus
SeaBass  Lighthouse AG Express,Thessalandia,Thessalandia
SeaBass  Ltd. Liability Co Consulting,Mawandia,Oceanus
SeaBass &  LLC Solutions,Marebak,NA
SeaBass &  SE Tanker,Arreciviento,Oceanus
SeaBass Company Express Estuary,Zawalinda,Sol y Oceana
SeaBass Company GmbH & Co. KG,Merigrad,Oceanus
SeaFlavors Limited Liability Company Marine,Merigrad,Oceanus
SeaFusion GmbH & Co. KG,Oceanus,Oceanus
SeaLion S.A. de C.V. Freight ,Alverossia,Oceanus
SeaSelect Foods Consulting _,Puerto del Mar,NA
SeaSelect Foods Oyj Transport,Mawazam,Oceanus
SeaSelects Fish Ges.m.b.H. Carriers,Arreciviento,Sol y Oceana
SeaSolutions  Limited Liability Company,Brindisola,Brindisola
SeaSplash Navigation Ges.m.b.H. Shipping,Anderia del Mar,NA
SeaSpray Wave SRL Solutions,Coralmarica,Coralmarica
SeaTree Barracuda LLC Shipping,Osterivaria,NA
SeaTree S.A. de C.V. Line,Coralmarica,Coralmarica
SeaTrek Ltd. Corporation Carriers,Marebak,NA
SeaTrekker Sagl Marine ecology,Merigrad,Islavaria
Seafarer's Club GmbH & Co. KG Overseas,Mawazam,Oceanus
Seafarer's Club S.A. de C.V. Transit,Marebak,NA
Seafarer's Club Tuna NV Shipping,Zawalinda,Sol y Oceana
Seafaring Souls AB Worldwide,Marebak,NA
Seafoam Kga Marine biology,Marebak,Kondanovia
Seashell Seekers GmbH & Co. KG Import,Merigrad,Oceanus
Seashell Seekers LLC Delivery,Marebak,NA
Seashell Seekers Limited Liability Company Express,Oceanus,Oceanus
Seashell Seekers Ltd Distribution,Marebak,NA
Seashell Seekers Sp Transit,Sol y Oceana,NA
Seashell s  Kga Merchants,Marebak,NA
Seashell s  LC Shipping,Nalakond,Oceanus
Seashore Sanctuary Marine life,Marebak,NA
Seashore Sanctuary N.V. Consultants,Marebak,NA
Seaside Strolls A/S Marine ecology,Vesperanda,NA
Seaside Strolls Chart LC Delivery,Marebak,NA
Seaside Strolls Ltd Marine life,Rio Isla,Rio Isla
Seaside Summit CJSC Saltwater,Vesperanda,Oceanus
Seaside Summit Plc Cargo,Marebak,NA
Selous Game Reserve  AB,Mawazam,Coralmarica
Selous Game Reserve  Limited Liability Company,Marebak,Coralmarica
Selous Game Reserve  Marine,Merigrad,Merigrad
Selous Game Reserve  S.A. de C.V.,Isliandor,Oceanus
Selous Game Reserve  SE Solutions,Marebak,NA
Senegal Coast  AG Line,Marebak,Oceanus
Senegal Coast  S.p.A. International,Coralada,Nalakond
Senegal Coast  Whale Ges.m.b.H. Marine,Osterivaria,Oceanus
Senegal River  AS International,Marebak,NA
Shanxi Krill SRL Investment,Oceanus,Icarnia
Shanxi S.A. de C.V.,Alverossia,Oceanus
Shona S.A. de C.V.,Zawalinda,Valtalmo
Shou gan  AS Cargo,Marebak,Oceanus
Shou gan  Sagl Mudflat,Oceanus,Oceanus
Shou gan  Tilapia Ges.m.b.H. Investment,Marebak,Isliandor
Sikkim  Market BV Industrial,Galduzim,NA
SilverScales CJSC and Son's,Marebak,Oceanus
SilverScales GmbH & Co. KG,Oceanus,Oceanus
SilverScales Sagl Marine conservation,Puerto del Mar,Oceanus
Simien Mountains   Company Fish,Sol y Oceana,Oceanus
Simien Mountains   GmbH Forwading,Sol y Oceana,Oceanus
Simien Mountains   Tom yum GmbH Family,Vesperanda,NA
Situhu Tsunami OJSC Marine,Merigrad,Oceanus
Skeleton Coast  OJSC Holdings,Faraluna,Oceanus
Skeleton Coastline CJSC Line,Novarcticaa,Coralmarica
South Ltd. Liability Co,Arreciviento,Oceanus
South S.A. de C.V. & Son's,Mawazam,Coralmarica
Southeast Limited Liability Company,Marebak,NA
Southeast Limited Liability Company Line,Merigrad,Coralmarica
Southeast S.A. de C.V.,Khamseena,Oceanus
Spanish Anchovy CJSC Marine,Merigrad,Oceanus
Spanish Anchovy OJSC International,Osterivaria,NA
Spanish Anchovy Underwater Incorporated Family,Isliandor,Oceanus
Spanish Mackerel Ltd. Liability Co Consultants,Calabrand,Oceanus
Spanish Mackerel S.A. de C.V.,Mango del Oro,Oceanus
Spanish Shrimp A/S Marine,Marebak,NA
Spanish Shrimp Incorporated Carriers,Osterivaria,NA
Sparrmans  Inc Marine sanctuary,Marebak,NA
Starfish Tanker Inc Express,Vesperanda,NA
Sudd Swamp   GmbH & Co. KG & Son's,Merigrad,Oceanus
Sudd Swamp   Marine sanctuary AS Line,Kondanovia,Oceanus
Sudd Swamp   Pic Marine,Coralmarica,Oceanus
Sudd Swamp   Pic Overseas,Arreciviento,Oceanus
Sudd Swamp   S.p.A. Family,Marebak,NA
Surf and Sea Marina,Zawalinda,Oceanus
Surf and Sea Marine,Arreciviento,NA
Surf's Up  Kga Marine,Zawalinda,Oceanus
Surf's Up s Sp,Marebak,Oceanus
SurfSide  GmbH & Co. KG Consulting,Marebak,NA
Tamil Nadu   Express Surf,Osterivaria,Oceanus
Tamil Nadu   Limited Liability Company,Merigrad,Oceanus
Tamil Nadu   SE Carriers,Vesperanda,Puerto Isla
Tamil Nadu   Sagl Marine life,Marebak,NA
Tamil Nadu  Market Incorporated,Puerto del Mar,Oceanus
Tamil Nadu  Market Limited Liability Company Logistics,Marebak,NA
Tamil Nadu  Market Ltd. Liability Co,Sol y Oceana,Kondarivakia
Tamil Nadu  Market Plc,Osterivaria,Coralmarica
Tamil Nadu  Market ОАО,Rio Isla,Oceanus
Tamil Nadu s Barge,Vesperanda,NA
Tamil Nadu s ОАО,Isliandor,Oceanus
Tana River  Company Transit,Marebak,NA
Tangier Coast  Incorporated Delivery,Marebak,Oceanus
Telangana  Transit Coral Reef,Marebak,NA
The Salted Pearl ОАО,Marebak,Oceanus
The Salty Dog A/S Solutions,Faraluna,Luminkind
The Salty Dog LC Marine,Khamseena,Mawandia
The Salty Dog LLC,Vesperanda,Oceanus
The Salty Dog Limited Liability Company,Islavaria,Coralmarica
The Salty Dog Sea,Marivaria,Azurionix
The Salty Pearl Express,Marebak,NA
The Salty Pearl Incorporated,Rio Isla,Oceanus
The Salty Pearl Lock,Marebak,NA
The Salty Pearl SE,Puerto del Mar,NA
The Salty Pearl Tsunami Corp Express,Coralmarica,Oceanus
The Sea Lion Company,Marebak,Oceanus
The Sea Lion Corporation,Mawazam,Oceanus
The Sea Lion Incorporated,Isliandor,Coralmarica
The Sea Lion S.A. de C.V. Carriers,Marebak,Oceanus
The Sea Turtle Plc Consultants,Puerto del Mar,NA
The Sea Turtle S.A. de C.V. Delivery,Faraluna,Sol y Oceana
Thetis - LLC Line,Brindisola,NA
Thoho Ltd. Corporation Logistics,Marebak,Oceanus
Thoho S.A. de C.V.,Arreciviento,Oceanus
Thundwa S.A. de C.V.,Marebak,Oceanus
Tiao piao  AG Delivery,Coral Solis,Oceanus
TidalTaste Tidepool Ltd. Liability Co Carriers,Coralada,Oceanus
Tide Turners A/S Delivery,Marebak,NA
Tide Turners CJSC Transport,Osterivaria,Oceanus
TideTable Captain Limited Liability Company Transit,Osterivaria,NA
Togo  Limited Liability Company,Merigrad,Coralmarica
Transit Limited Liability Company,Coralmarica,Oceanus
Transit Ltd. Liability Co,Alverossia,Mango del Oro
Transport Ltd. Liability Co,Alverossia,Utoporiana
Tripura  Marina Sp Cargo,Coralmarica,Oceanus
Tripura  Market Company Marine ecology,Marebak,Marebak
Tripura  Market S.A. de C.V.,Vesperanda,Oceanus
Tristen Jetty Company Solutions,Merigrad,Oceanus
Tsha wamba S.A. de C.V.,Faraluna,Oceanus
TunaTreat Company Marine sanctuary,Marifada,Oceanus
Turkish Calamari A/S & Son's,Marebak,Marebak
Turkish Calamari GmbH Shipping,Osterivaria,NA
Turkish Calamari Plc ship,Puerto del Mar,Oceanus
Turkish Mussels LLC and,Oceanus,Oceanus
Turkish Salmon A/S Marine,Vesperanda,Oceanus
Turkish Salmon LC Barracuda,Mawazam,Oceanus
Turkish Sword NV Ocean,Mawazam,Oceanus
Uttar Pradesh Sea  A/S Express,Merigrad,Oceanus
Uttar Pradesh Sea  GmbH,Faraluna,Sol y Oceana
Uttar Pradesh s Oyj,Marebak,Oceanus
Uttar Pradesh s Transport,Galduzim,Oceanus
Uttarakhand   Tidepool Oyj International,Marebak,Marebak
Uttarakhand s Current Sagl Line,Puerto del Mar,Oceanus
Vespuci Aquatic GmbH & Co. KG Transit,Marebak,NA
Victoria Falls   BV Worldwide,Arreciviento,Oceanus
Victoria Falls   Corporation Coast,Marebak,NA
Victoria Falls   N.V. Carriers,Rio Isla,Oceanus
Victoria Falls   OJSC Marine,Osterivaria,Oceanus
Viento Azul Kga Carriers,Thessalandia,Oceanus
Viento Azul N.V. Distribution,Vesperanda,Nyxonix
Viento y Mar BV,Arreciviento,Oceanus
Viento y Mar Corp,Playa Solis,Oceanus
Viento y Mar Hijiki,Marebak,Oceanus
Viento y Mar LC,Nalakond,Oceanus
Vlei-tilapia Regatta S.A. de C.V. Solutions,Marebak,NA
Vleikurper LC & Son's,Solovarossa,Oceanus
Volga River Kga Merchants,Vesperanda,-22005
Volga River Pic Shipping,Puerto del Mar,Coralmarica
Volta River  Brothers Laksa,Osterivaria,NA
Water Wonders AG Transport,Rio Isla,Oceanus
Water Wonders AS Investment,Nalakond,Oceanus
Water Wonders Plc Cargo,Marebak,NA
Water Wonders Plc Shipping,Orvietola,Oceanus
Water World LC Carriers,Marebak,NA
Wave Riders Trout GmbH Shipping,Arreciviento,NA
Wave Watchers BV Transit,Merigrad,Oceanus
Wave Watchers Brine N.V. Express,Marebak,Marebak
Wave Watchers Company United,Marebak,Coralmarica
Wave Watchers Ltd. Liability Co,Merigrad,Merigrad
Wave Watchers S.p.A. Import,Marebak,NA
Wave Watchers Underwater Ltd. Corporation Solutions,Marebak,Marebak
WaveCatcher GmbH & Co. KG,Marebak,NA
WaveWorx Ges.m.b.H. and Son's,Coralmarica,Luminkind
West Bengal   N.V. Distribution,Osterivaria,NA
West Bengal   SRL Marine sanctuary,Osterivaria,NA
West Bengal  A/S Freight ,Marifada,Marifada
West Bengal  Ltd. Corporation,Coralmarica,NA
West Bengal  Ltd. Liability Co,Merigrad,Oceanus
West Bengal  Sp &,Korvelia,Oceanus
West Kga and Son's,Coralmarica,Rio Isla
Whale Corp Marine ecology,Vesperanda,Oceanus
William & Co Marine life,Marebak,Oceanus
Yenisei  Eel GmbH & Co. KG Services,Merigrad,Oceanus
Yenisei  S.A. de C.V.,Icarnia,Oceanus
Yu er he  Bonito,Marebak,NA
Yu er he  Co,Marebak,Oceanus
Yu er he  SRL,Marebak,Utoporiana
Yu er he  Services Salt spray,Coralmarica,Oceanus
Yu gou  Plc Worldwide,Sol y Oceana,Oceanus
Yu gou  SRL Ocean,Brindivaria,Sol y Oceana
Yu wo  AB Marine biology,Marebak,NA
Yu wo  Company Delivery,Anderia del Mar,Oceanus
Yu xian  Ltd. Corporation,Marebak,NA
Zambezi Escarpment  Co Current,Mawazam,Oceanus
Zambezi Escarpment  ОАО Freight ,Marebak,NA
Zambezi Gorge  ОАО Forwading,Osterivaria,NA
Zambezi Rapids  Brine Sp Transport,Marebak,NA
Zambezi Rapids  Plc Holdings,Marebak,Marebak
Zambezi Valley  ОАО Transport,Coralmarica,Patacoral
Zanzibar Archipelago   Incorporated International,Marebak,NA
Znamensk Eel LLC United,Puerto del Mar,Oceanus
Znamensk Ltd. Liability Co,Calabrand,Oceanus
Znamensk Pic Salt spray,Coralmarica,Oceanus
biān yú Inc Industrial,Faraluna,Oceanus
bái suō wěn lú CJSC,Brindisola,Oceanus
bái suō wěn lú Ges.m.b.H.,Mawazam,Oceanus
bái suō wěn lú GmbH & Co. KG,Kondanovia,Oceanus
bǐ mù yú AG Marine,Mawazam,Oceanus
bǐ mù yú Captain,Marebak,Oceanus
bǐ mù yú Ges.m.b.H. Holdings,Mawazam,Oceanus
bǐ mù yú LC Shipping,Marebak,NA
bǐ mù yú Oyj,Korvelia,Oceanus
bǐ mù yú Sagl Distribution,Alverossia,Oceanus
guī yú GmbH Shipyard,Coralmarica,Coralmarica
guī yú Ltd. Corporation,Oceanus,Oceanus
hǎi mǎ AS Sea spray,Marebak,Marebak
hǎi mǎ LC Buoy,Faraluna,Oceanus
hǎi mǎ OJSC Freight ,Marebak,Oceanus
hǎi mǎ Oceanography S.p.A. & Son's,Zawalinda,Oceanus
hǎi mǎ S.A. de C.V. & Son's,Osterivaria,Oceanus
hǎi tún AS Industrial,Isliandor,NA
hǎi tún Ltd. Corporation,Alverossia,Lumakari
hǎi xīng Corp Sextant,Kondarama,Oceanus
jīn qiāng yú CJSC,Nalakond,Oceanus
jīn qiāng yú Express,Oceanus,Coral Solis
jīn qiāng yú Ltd. Liability Co,Isliandor,NA
jīn qiāng yú SRL Worldwide,Zawalinda,NA
jīng GmbH & Co. KG,Marebak,NA
jīng Limited Liability Company Transport,Merigrad,Oceanus
katushka GmbH & Co. KG & Son's,Osterivaria,Sol y Oceana
katushka Limited Liability Company,Alverossia,Oceanus
lú yú A/S Marine,Playa Solis,Oceanus
lú yú GmbH & Co. KG Sextant,Rio Isla,Rio Isla
lú yú Limited Liability Company,Marebak,Oceanus
lú yú Limited Liability Company International,Alverossia,Oceanus
lú yú S.A. de C.V. International,Coral Solis,Oceanus
móguǐ yú S.A. de C.V.,Gavanovia,Oceanus
nián yú Ges.m.b.H. Marine biology,Marebak,NA
nián yú Ltd. Corporation,Merigrad,Oceanus
páng xiè AS Express,Khamposa,Oceanus
páng xiè Ltd Transportation,Oceanus,NA
páng xiè OJSC Worldwide,Kondanovia,Oceanus
qīng yú Ltd. Corporation,Mawazam,NA
qīng yú Sea Pic Import,Nalakond,NA
shí rén yú Caviar,Marebak,NA
shí rén yú Company Overseas,Zawalinda,Oceanus
shí rén yú Marine conservation,Merigrad,Oceanus
shā yú Ges.m.b.H. Worldwide,Marebak,NA
shā yú Ltd Marine,Rio Isla,Rio Isla
suō yú GmbH & Co. KG Freight ,Mawazam,NA
suō yú GmbH Marine conservation,Puerto del Mar,Sirenareef
xiǎo lóng xiā GmbH & Co. KG,Marebak,Alverossia
xiǎo lóng xiā Inc Worldwide,Marebak,NA
xiǎo lóng xiā NV,Coralmarica,Oceanus
xiǎo lóng xiā SRL,Marebak,Puerto Sol
xiǎo xiā A/S Holdings,Osterivaria,Oceanus
xiǎo xiā Oyj Marine ecology,Coralmarica,Oceanus
xiǎo xiā S.p.A. Deep-sea,Islavaria,Oceanus
xuě yú AS Cargo,Osterivaria,NA
xún yú S.A. de C.V.,Isliandor,Oceanus
zhāng yú Estuary CJSC Marine conservation,Marebak,NA
zūn yú Plc Holdings,Mawandia,Oceanus
hǎi dǎn Corporation Wharf,Marebak,Oceanus
Olas del Mar Worldwide,Oceanus,Oceanus
Himachal Pradesh  BV Holdings,Merigrad,Oceanus
Leska GmbH & Co. KG,Korvelonia,Oceanus
Pao gan SE Seal,Alverossia,Oceanus
Saltwater Supreme Pelican Ltd Enterprises,Puerto Sol,Oceanus
Yu xian  SRL Industrial,Sirenareef,Oceanus
-90,NA,Oceanus
Brisa del Este BV,NA,Oceanus
Caracola del Sol Services,Puerto Sol,Oceanus
Costa de la Felicidad Shipping,Alverossia,Oceanus
Faroe Islands Halibut Sea S.p.A. Distribution,Baziuzim,Oceanus
Mar del Este CJSC,Merigrad,Oceanus
Playa de Arena N.V.,Riodelsol,Sol y Oceana
Rift Valley fishery Inc,Puerto del Mar,Oceanus
Sea Striders GmbH Industrial,Coralmarica,Oceanus
Turkish Sword S.A. de C.V. Trout,Rio Isla,Oceanus
Coastal Castaway Coast Corporation Worldwide,Alverossia,Oceanus
Lake Turkana  Charter Boat  NV Marine,Alverossia,Oceanus
Pao gan LC Freight ,-22004,Oceanus
Delhi ers S.p.A. Line,Korvelonia,Oceanus
Océano de Coral Corporation Express,Vesperanda,Oceanus
bái suō wěn lú AS,Marebak,Oceanus
bǐ mù yú A/S Shipping,Nalakond,Oceanus
Costa del Sol A/S,Isliandor,Oceanus
Kong zhong diao yu  Ges.m.b.H.,Oceanus,Oceanus
Punjab s Marine conservation,Riodelsol,Oceanus
Ancla de Oro Kga Import,Vesperanda,Oceanus
FinestSea Ltd. Corporation Enterprises,Coralmarica,Oceanus
Coastal Charm GmbH Transportation,Zawalinda,Oceanus
-5910,NA,Oceanus
AquaDelight N.V. Coral Reef,Coralmarica,Oceanus
Assam  Market Incorporated Tanker,Utoparadia,Oceanus
Mar del Paraíso Corporation Logistics,Marebak,Oceanus
Náutica del Sol Corporation,Mawazam,Oceanus
Sea Breeze Corporation Marine sanctuary,Coralada,Oceanus
The Sea Turtle GmbH & Co. KG,Marebak,Oceanus
-1206,NA,Oceanus
Adriatic Mackerel Ges.m.b.H. Family,Sol y Oceana,Oceanus
Madagascar Coast  AG Freight ,Oceanus,Oceanus
Volga River LLC Enterprises,Quornova,Oceanus
Arena Azul AS Investment,Sol y Oceana,Sol y Oceana
Coastal Charm Limited Liability Company Line,Marebak,Oceanus
Adriatic Squid Inc Export,Marebak,Coralmarica
Mandalore S.A. de C.V. Logistics,Osterivaria,Oceanus
Shou gan  Limited Liability Company Distribution,Arreciviento,Oceanus
Zambezi River   Sp Marine conservation,Sol y Oceana,Oceanus
Sailors and Surfers Incorporated Enterprises,Puerto Sol,Oceanus
-3304,NA,Oceanus
-753,NA,Oceanus
Ancla del Este Merchants,Oceanus,Oceanus
Ocean Explorers Corporation Family,Brindivaria,Oceanus
-856,NA,Oceanus
Arunachal Pradesh s Oceanography,Nalakond,Oceanus
Fisherman's Best Marine conservation,Marebak,Oceanus
Sudd Swamp   BV International,Alverossia,Oceanus
Aqua Aura Limited Liability Company Services,Kondanovia,Oceanus
AtlanticAppetite Eel Kga Brothers,Faraluna,Oceanus
Blue Horizon GmbH & Co. KG Investment,Isliandor,Oceanus
Senegal Coast  Inc Forwading,Merigrad,Oceanus
-226,NA,Oceanus
-73,NA,Oceanus
Belgian Shrimps Ocean Corp Holdings,Lumaland,Oceanus
Coral Cove BV Delivery,Quornova,Oceanus
Costa del Viento Fish  S.p.A. United,Rio Isla,Oceanus
Marine Mates NV Worldwide,Mawazam,Oceanus
Playa de la Luna Incorporated,Kondanovia,Oceanus
Uttarakhand  Market Limited Liability Company Nautical,Helixia,Oceanus
Caracola Azul Oyj &,Playa Solis,Oceanus
-41,Isliandor,Oceanus
Caracola del Este Ltd. Liability Co,Brindivaria,Oceanus
Family S.A. de C.V.,Osterivaro,Oceanus
Olas del Sur and Son's,Alverossia,Oceanus
Saltwater Supreme ОАО Forwading,Puerto Sol,Oceanus
-292,NA,Oceanus
SaltWaterSolutions Ltd. Liability Co Delivery,Merigrad,Oceanus
Uttar Pradesh Sea  Company Seafoam,Utoporiana,Oceanus
páng xiè S.A. de C.V. Line,Riodelsol,Oceanus
-5962,NA,Oceanus
Caracola Azul Ltd. Corporation,Lumaland,Oceanus
Costa del Mar Inc Forwading,Syrithania,Oceanus
Fresh Ltd. Liability Co,Nalakond,Oceanus
Maharashtra  Ltd. Liability Co Shipping,Alverossia,Oceanus
SeaTree Ltd. Liability Co Holdings,Gavanovia,Oceanus
suō yú Pic Family,Oceanus,Oceanus
xún yú GmbH Seagull,NA,Oceanus
-5669,NA,Oceanus
-5670,NA,Oceanus
Arunachal Pradesh s Brine,Nalakond,Oceanus
Mar del Placer Manatee,Puerto del Mar,Oceanus
-5671,NA,Oceanus
Black Sea Tuna Snapper,Puerto Sol,Oceanus
Mar de la Felicidad GmbH Worldwide,Coralmarica,Oceanus
Punjab s A/S Marine,Nalaloria,Oceanus
SeaLion Marine AG Express,Kondanovia,Oceanus
lú yú GmbH & Co. KG,Lumaland,Oceanus
Lake Kivu   BV United,Vesperand's Bay,Oceanus
Orange River   Incorporated Shipping,Merigrad,Oceanus
Himachal Pradesh   AG Shipping,Gavanovia,Oceanus
Assam  Market Cargo ship Company Marine conservation,Faraluna,Oceanus
Playa Blanca Sagl Shipping,Marebak,Oceanus
Vespuci Seagrass A/S Consultants,Marebak,Oceanus
Mar de la Vida LC,Puerto Sol,Oceanus
Punjab Sea  CJSC Estuary,Puerto Sol,Oceanus
Zambezi Escarpment  Incorporated United,Kondanovia,Oceanus
SeaBounty Ltd. Corporation Brothers,Mawazam,Oceanus
Bay of Bengal's Sagl,Rio Isla,Oceanus
Niger Bend   Limited Liability Company Marine ecology,Quornova,Oceanus
Océano Azul Port S.A. de C.V. United,Syrithania,Oceanus
ReefRider Foods Ltd. Corporation Family,Oceanus,Oceanus
Seafaring Souls Ges.m.b.H. Marine sanctuary,Lumaland,Oceanus
SilverStream CJSC Marine conservation,Marebak,Oceanus
hǎi dǎn AG Express,Polarisdom,Oceanus
Adriatic Tuna Seabass BV Transit,Mawazam,Oceanus
Gujarat  S.A. de C.V.,Oceanus,Oceanus
Haryana s Sagl Transport,Osterivaria,Oceanus
Isla del Mar NV Forwading,Oceanus,Oceanus
Okavango Delta  Manatee S.A. de C.V. Line,Oceanus,Oceanus
Okavango River  Limited Liability Company Shipping,Rio Isla,Oceanus
Sea Breeze Sagl Oceanfront,Oceanus,Oceanus
Yu gan  Sea spray GmbH Industrial,Oceanus,Oceanus
Tangier Coast  - Corp Marine conservation,Rio Isla,Oceanus
3 Trawler Corp Distribution,Brindisola,Oceanus
-37,Azurionix,Oceanus
-54,Nalakond,Oceanus
Belgian Shrimps - Company Brothers,Vesperand's Bay,Oceanus
Black Sea Tuna Sagl,Nalakond,Oceanus
Dubingiai Ltd. Liability Co,Kondanovia,Oceanus
Senegal River  LLC Forwading,Utoporiana,Oceanus
Chituku Ltd. Liability Co Transport,Marebak,Oceanus
Bujagali Falls  Pic Family,Coralmarica,Oceanus
Coral Cove Corporation Delivery,Solovarossa,Oceanus
Dutch  Ltd. Liability Co Consultants,Sol y Oceana,Icarnia
Adriatic Catch Ges.m.b.H. Marine biology,Isliandor,Oceanus
Bahía Dorada S.A. de C.V.,Riodelsol,Valtalmo
Balkan Pike GmbH Transit,Lumindoria,Oceanus
Costa de Coral Pelican SRL Distribution,Nalakond,Utoparadise
Deep Blue Ltd. Corporation,Marebak,Oceanus
Deep Sea Divers N.V. Family,Anderia del Mar,Oceanus
Kafue River  Seagrass Limited Liability Company Marine,Marebak,Coralmarica
Ola del Mar Enterprises,Pachaputra,Oceanus
Panope Limited Liability Company,Vesperanda,Oceanus
Isla del Tesoro GmbH & Co. KG Chart,Coralmarica,Oceanus
Wave Warriors Sagl Export,Oceanus,Coralmarica
Tripura  Pier N.V. Solutions,Orvietea,Oceanus
-81,NA,Oceanus
Great Ruaha River  GmbH,Puerto Sol,Utoporiana
Isla del Este SE,Helixia,Oceanus
Manipur  Market Ray LC Marine conservation,Alverossia,Oceanus
Spanish Anchovy SE Marine,Vesperanda,Oceanus
Vespuci Sagl Marine sanctuary,Nalakond,Oceanus
hǎi mǎ Sagl Express,Rio Isla,Oceanus
Bahía del Sol OJSC Logistics,Korvelonia,Oceanus
-5776,NA,Oceanus
3 Ltd. Liability Co,Alverossia,Oceanus
Arena Azul Ltd. Corporation,Oceanus,Oceanus
-7122,NA,Oceanus
bái suō wěn lú NV,Oceanus,Oceanus
-1539,NA,Oceanus
Ocean Quest Sea LLC Line,Alverossia,Oceanus
-469,NA,Oceanus
Portuguese Tuna Incorporated Marine,Oceanus,Oceanus
-485,NA,Oceanus
-80,NA,Oceanus
-1000,NA,Oceanus
Olas del Mar ОАО,Nalakond,Oceanus
TideTable Limited Liability Company Wave,NA,Oceanus
Sea Luxe Oyj Solutions,Kondanovia,Oceanus
Hook NV Marine ecology,Coralmarica,Oceanus
-1293,NA,Oceanus
Mar del Placer ОАО,Kondanovia,Oceanus
-820,NA,Oceanus
Saltwater Sirens Salt spray,NA,Oceanus
mán yú S.A. de C.V. Captain,Kondanovia,Oceanus
Isla Azul Consultants Flounder,NA,Oceanus
Oka  Ltd. Liability Co,Kondanovia,Oceanus
-1052,NA,Oceanus
Lake Chad  Company Ray,Jiraputra,Oceanus
Senegal Coast  Dredge NV Transit,Utoporiana,Oceanus
Tamil Nadu s A/S,Osterivaro,Oceanus
-4,Mawazam,Oceanus
Sea Breezes GmbH & Co. KG Shark,Oceanus,Oceanus
-1320,NA,Oceanus
Coral del Sur Ltd. Corporation Investment,Icarnia,Oceanus
OceanFront Foods Co Marine biology,Puerto Sol,Oceanus
Zale Solutions Sea spray,Rio Isla,Oceanus
North N.V. Marine conservation,Sol y Oceana,Oceanus
Ocean Outfitters Pic Nautilus,Icarnia,Oceanus
xiǎo xiā Sagl Otter,Alverossia,Utoporiana
-106,NA,Oceanus
-3424,NA,Oceanus
-3439,NA,Oceanus
-653,NA,Oceanus
Arena del Mar Marine Marine biology,Coral Solis,Oceanus
Ola Azul River LLC Forwading,Icarnia,Oceanus
Playa de Arena OJSC,Marebak,Oceanus
-514,NA,Oceanus
Greek Sea Bass Inc Transport,Marebak,Oceanus
-14186,NA,Oceanus
SeaSpray Marine biology Ltd Distribution,Utoporiana,Oceanus
-89,NA,Oceanus
Atlantic Ocean Coast  Sp Marine,Nalakond,Oceanus
-564,NA,Oceanus
xiǎo lóng xiā Kga,Coralmar,Oceanus
Estrella del Mar N.V. United,Jiraputra,Oceanus
-47,Puerto Sol,Oceanus
-993,NA,Oceanus
Delhi ers AS Holdings,Merigrad,Oceanus
-363,NA,Oceanus
Irish Scallop - Corporation & Son's,Marebak,Oceanus
Tamil  Nautilus CJSC Consulting,Coralmarica,Oceanus
Maharashtra ers S.A. de C.V.,Syrithania,Oceanus
Punjab  Market AG Express,Thessaland's End,Oceanus
Niger River   NV Delivery,Riodelsol,Oceanus
PacificPlates Limited Liability Company,Oceanus,Oceanus
Mar de Cielo Ltd. Corporation,Rio Isla,Oceanus
Belgian Scallop S.A. de C.V.,Alverossia,Oceanus
-194,NA,Oceanus
-1129,NA,Oceanus
-1218,NA,Oceanus
-68,NA,Oceanus
Olas del Sur Oyj,Utoporiana,Oceanus
Guinea Gulf  Sp Transit,Sol y Oceana,Oceanus
Estrella de Mar Sagl,Rio Isla,Oceanus
Faroe Islands Shrimp Barge AS Cargo,Nalakond,Oceanus
-827,NA,Oceanus
Himachal Pradesh   ship Incorporated Solutions,Thessalandia,Oceanus
SeaSelects Nori Corporation Express,Kondanovia,Oceanus
Jammu & Kashmir Sea  ОАО Shark,Helixia,Oceanus
-131,NA,Oceanus
Coral Kingdom GmbH Delivery,Kilivaria,Oceanus
Beachcomber's Bounty NV International,Kondanovia,Oceanus
Arunachal  Dashi Inc Worldwide,Mawazam,Oceanus
Mar de la Vida Charter Boat  Limited Liability Company Overseas,Playa Solis,Oceanus
Belgian Shrimps Ltd. Liability Co,Marebak,Oceanus
-1468,NA,Oceanus
-5897,NA,Oceanus
-747,NA,Oceanus
Dutch Mussels GmbH Carriers,Coralmarica,Oceanus
-66,NA,Oceanus
Bahía del Este SE,Marebak,Utoporiana
Mar del Golfo Limited Liability Company Forwading,Marebak,Oceanus
Náutica del Mar AS,NA,Oceanus
Seafaring Souls AS Shipping,Mawazam,Oceanus
Diao yu  Deep-sea AG Merchants,Jiraputra,Lumindoria
Greek Sea Bass AB Transport,Sol y Oceana,Lumindoria
Sahara  LLC Co Consultants,Mango del Oro,Oceanus
Kong zhong diao yu  Hull,Isliandor,Oceanus
Blue Ridge   NV Marine conservation,Puerto Sol,Oceanus
Coral Reef Plc Shipping,NA,Oceanus
Volga River Brackish OJSC Marine biology,Mawalara,Oceanus
-3336,NA,Oceanus
Reef Rascals Merchants Dashi,Osterivaria,Oceanus
Rift Valley fishery Whale S.A. de C.V. Forwading,Arreciviento,Oceanus
Kerala s S.A. de C.V.,Marebak,Oceanus
Ola del Mar N.V.,Marebak,Oceanus
Atlantic Ocean Coast  N.V.,Islavaria,Oceanus
Isla del Mar ОАО,Coral Solis,Oceanus
shí rén yú GmbH & Co. KG,Oceanus,Oceanus
-1051,NA,Oceanus
-1675,NA,Oceanus
-534,NA,Oceanus
Saltwater Surf Club Company,Osterivaria,Oceanus
Tamil Nadu   Corporation Compass,Utoporiana,Oceanus
Ancla Marina AB Holdings,Kondanovia,Oceanus
Cape of Good Hope   S.p.A.,Kondanovia,Oceanus
Bay of Bengal's ОАО,NA,Oceanus
Dry Creek S.A. de C.V. Marine,Puerto Sol,Oceanus
Lake Victoria Nile    Sp,Coral Solis,Oceanus
Mizoram  Yacht Kga Transport,NA,Oceanus
Adriatic Tuna Pic Express,Faraluna,Oceanus
-113,NA,Oceanus
-506,NA,Oceanus
-96,NA,Oceanus
Estrella del Mar Tilapia Oyj Marine,Coralmarica,Oceanus
Coastal Castaway Wave Limited Liability Company Shipping,Puerto Sol,Sirenareef
Gulf of Guinea   Oyj,Arreciviento,Sirenareef
Mar y Viento Corp Marine ecology,Sirenareef,Sirenareef
Marine Magic S.A. de C.V. Merchants,Puerto Sol,Oceanus
Orange River Mouth   LLC Marine sanctuary,Puerto del Mar,Oceanus
-416,NA,Oceanus
Oceanic Oasis Plc Cargo,Coralmarica,Oceanus
Coral del Sur AG,Alverossia,Oceanus
-6032,NA,Oceanus
Mar de Plata BV Marine,Oceanus,Oceanus
Ocean Outfitters Ges.m.b.H. Dredge,Quornova,Oceanus
Playa de la Luna N.V.,NA,Oceanus
Mar del Golfo Line Seafood,Oceanus,Oceanus
Olas del Mar AS and Son's,Rio Isla,Oceanus
West Bengal   OJSC Transport,Isliandor,Oceanus
Danish Plaice S.A. de C.V.,Playa Solis,Oceanus
Bahía de Plata AB Solutions,Orvietea,Oceanus
Irish Crab CJSC Shark,Mawazam,Oceanus
Konkan Coast  SRL Logistics,Puerto del Mar,Oceanus
Fin Addiction LLC Marine life,Oceanus,Oceanus
La gan  River Corporation Forwading,Marebak,Oceanus
qīng yú Corp Pier,Rio Isla,Oceanus
-9346,NA,Oceanus
Norwegian King Crab Ges.m.b.H.,Puerto Sol,Oceanus
West Bengal  NV Transit,NA,Oceanus
Saltwater Sizzle Corporation Investment,Gavanovia,Oceanus
Coral del Sur AG Seabass,Rio Isla,Oceanus
Red Sea  Transportation Seaside,NA,Oceanus
East Ltd Marine life,Coralmarica,Oceanus
-1755,NA,Oceanus
Uttar Pradesh s Barracuda,NA,Oceanus
Arena del Sol Estuary Pic Worldwide,Alverossia,Oceanus
SaltwaterSavor Swordfish AS Consultants,NA,Oceanus
Bahía de Coral BV Merchants,NA,Oceanus
-295,NA,Oceanus
Cape Verde Islands  Catchers GmbH & Co. KG Shipping,Anderia del Mar,Oceanus
Odisha  Tsunami Ltd. Liability Co Forwading,Vesperanda,Coralmarica
Barco de Plata Corp,Puerto Sol,Oceanus
Lake Nasser  Deep-sea Corporation Express,Oceanus,Oceanus
-6,Arreciviento,Oceanus
Mar de la Luz GmbH,Marebak,Oceanus
Mar del Paraíso Limited Liability Company Transport,Puerto Sol,Oceanus
mán yú S.A. de C.V.,Brindivaria,Oceanus
Baltic Catch Ltd Coral Reef,Puerto Sol,Oceanus
Fisherman's Bounty Corp Marine,Yggdrasonia,Oceanus
Zambezi Valley  SRL Overseas,Oceanus,Oceanus
Malabar Sea Catch S.p.A.,Marebak,Oceanus
Agua Oceanfront Limited Liability Company Transportation,Puerto Sol,Oceanus
Albertine Rift  Sagl Marine sanctuary,Sol y Oceana,Oceanus
-5673,NA,Oceanus
-5786,NA,Oceanus
-6070,NA,Oceanus
Náutica del Este Ltd. Corporation,Oceanus,Oceanus
Nagaland Sea  Company Investment,Utoporiana,Oceanus
Orange River Mouth   Ltd. Liability Co Seaside,Alverossia,Oceanus
FinestCatch Sailor Co Freight ,Coral Solis,Oceanus
Playa de la Felicidad Sagl Line,Alverossia,Oceanus
Ola Marina Company Line,Mawazam,Oceanus
Uttar Pradesh s OJSC,Puerto Sol,Oceanus
Malawi Rift   Ltd. Corporation,Oceanus,Oceanus
Zanzibar Archipelago   Ltd. Liability Co Holdings,Kethanor,Oceanus
-1288,NA,Oceanus
Angrapa Ltd. Liability Co Export,Oceanus,Oceanus
Jiyu  BV Marine life,Thessalandia,Oceanus
Sailors and Surfers Kga Overseas,Galdara,Oceanus
Mediterranean s Co &,Oceanus,Oceanus
-991,NA,Oceanus
Selous Game Reserve  Kga,Oceanus,Oceanus
Norwegian King Crab Marine,Playa Solis,Oceanus
suō yú Line Manatee,Mawazam,Oceanus
Dutch Bill  CJSC Worldwide,Puerto Sol,Oceanus
-5968,NA,Oceanus
Neva  Jetty GmbH Forwading,Quornova,Oceanus
West Bengal  Company Nori,Alverossia,Oceanus
-976,NA,Oceanus
-509,NA,Oceanus
Tiao piao  Distribution Sandbar,Marebak,Solovarossa
Nagaland Sea  Limited Liability Company,Mawazam,Coralmarica
hǎi dǎn OJSC Transportation,Merigrad,Oceanus
-3165,NA,Oceanus
Zale Leska Co Merchants,Kondanovia,Oceanus
-10148,NA,Oceanus
-5690,NA,Oceanus
Faroe Islands Halibut AS,Uzifrica,Oceanus
Malabar Sea Catch Port,Lumaland,Oceanus
Surf's Up  N.V. Forwading,Utoporiana,Oceanus
Irish Crab S.A. de C.V.,Coralmarica,Oceanus
Limited Liability Company Ltd. Corporation,Coralmarica,Oceanus
Ocean Observers Inc Marine life,Kilivaria,Oceanus
Sea Breeze ОАО Cargo,Arreciviento,Oceanus
Pelagia Ltd. Corporation Family,Osterivaria,Oceanus
-631,NA,Oceanus
Rybachit Sagl and Son's,Sol y Oceana,Oceanus
-1363,NA,Oceanus
-505,NA,Oceanus
Benguela Current   GmbH Carriers,Gavanovia,Oceanus
Selkie Ltd. Liability Co,Lumaland,Riodelsol
Náutica del Norte Incorporated,Nalakond,Oceanus
-3302,NA,Oceanus
AG Ltd. Liability Co,Oceanus,Oceanus
Diao er  A/S Express,Andenovia,Oceanus
Mar del Golfo Company,Coralmarica,Coralmarica
Andhra Pradesh   Limited Liability Company,Sol y Oceana,Oceanus
Oranjestad Laksa LLC Distribution,Kondanovia,Oceanus
-1178,NA,Oceanus
Kilimanjaro fishery Ltd. Corporation Carriers,Vesperanda,Oceanus
Greek Sea Bass LLC,Khamseena,Oceanus
-396,NA,Oceanus
-206,NA,Oceanus
-3305,NA,Oceanus
-3346,NA,Oceanus
-811,NA,Oceanus
-1281,NA,Oceanus
hǎi xīng AB Marine conservation,Coralmarica,Oceanus
Irtysh  Dashi SRL Cargo,Coralada,Oceanus
Norwegian Shrimp Limited Liability Company,Osterivaria,Oceanus
-159,NA,Oceanus
Oceanic Outfitters NV Freight ,Oceanus,Oceanus
Niger Bend   Nautilus Company United,Marebak,Luminkind
James Ltd. Corporation Transport,Lumindoria,Solovarico
Marmooska Hull Limited Liability Company Solutions,Puerto Sol,Oceanus
Ancla Marina Plc Cargo ship,Oceanus,Oceanus
-214,Luminkind,Oceanus
Yu xian  Delivery Sextant,Coralmarica,Oceanus
Coastal Currents Plc United,Oceanus,Oceanus
Norwegian King Crab Transport,Oceanus,Coralmarica
Simien Mountains   Company Transport,Kondanovia,Oceanus
Jiyu  Surfboard Corporation Freight ,Novarcticaa,Oceanus
-1550,NA,Oceanus
-1813,NA,Oceanus
Mar de la Vida Express,Anderia del Mar,Sol y Oceana
-5675,NA,Oceanus
Blue Ridge   Ges.m.b.H. Shipping,Nalaloria,Oceanus
Isla del Mar BV,Coralmarica,Oceanus
Southeast Fish Oyj Logistics,NA,Oceanus
-430,NA,Oceanus
-5808,NA,Oceanus
Mar del Norte Kga,Riodelsol,Oceanus
Thundwa SE Marine ecology,Puerto Sol,Oceanus
Barents Sea Shrimp SE Marine biology,Oceanus,Oceanus
Telangana  GmbH & Co. KG,Kondanovia,Oceanus
Costa del Mar Tidepool SE Merchants,Merigrad,Lumakari
-439,NA,Oceanus
-928,NA,Oceanus
Mar de Sirenas Sagl,Mawazam,Oceanus
-5964,NA,Oceanus
Cape Verde Islands  Company,Alverossia,Oceanus
Anthony Limited Liability Company,Mawazam,Oceanus
Olas del Sur Wharf,Islavaria,Oceanus
Tripura  Limited Liability Company Carriers,NA,Oceanus
Stichting S.A. de C.V. and,Arreciviento,Oceanus
-1203,NA,Oceanus
-5813,NA,Oceanus
Sea Striders Ltd. Liability Co &,NA,Oceanus
Lake Malawi  Limited Liability Company,Marebak,Marebak
Turkish Calamari Co Manatee,Marebak,Marebak
Irish Scallop ОАО Investment,NA,Oceanus
The Sea Turtle Plc Express,NA,Oceanus
Mar de Cristalino Manatee NV Express,Oceanus,Oceanus
Wave Watchers SE Express,Mawazam,Oceanus
Yu gou  Ltd. Corporation,Kondanovia,Oceanus
-1021,NA,Oceanus
-557,NA,Oceanus
Playa del Sol A/S,Isliandor,Oceanus
-806,NA,Oceanus
-515,NA,Oceanus
-968,NA,Oceanus
-1094,NA,Oceanus
-289,NA,Oceanus
Coastal Castaway Corp Express,Merigrad,Oceanus
Wave Watchers Seabass SE International,NA,Oceanus
-1193,NA,Oceanus
Indian Ocean Harvesters OJSC Brothers,NA,Oceanus
Kong zhong diao yu  Oyj,Sol y Oceana,Oceanus
-501,NA,Oceanus
-780,NA,Oceanus
Khundu Whale AG Cargo,Oceanus,Oceanus
Blue Horizon Limited Liability Company Freight ,Kondanovia,Oceanus
Kagera River   SE Solutions,Icarnia,Oceanus
-119,NA,Oceanus
-296,NA,Oceanus
-598,NA,Oceanus
Arena del Sol Sagl,Marebak,Oceanus
Belgian Lobster Coral Reef OJSC Transit,Riodelsol,Oceanus
Madhya Pradesh   Roe ОАО & Son's,Oceanus,Oceanus
Neptune's Harvest LC Transport,Riodelsol,Oceanus
Playa del Sol Corporation Freight ,Vesperanda,Oceanus
SeaTrekker Salt spray S.p.A. Freight ,Oceanus,Oceanus
-369,NA,Oceanus
Costa de Coral Kga Delivery,Riodelsol,Oceanus
Portuguese Sea Bass SRL Import,Jiraputra,Oceanus
Costa de la Felicidad BV,Zawalinda,Coralmarica
Nazhivka S.A. de C.V. Overseas,Isliandor,Oceanus
-1155,NA,Oceanus
-3413,NA,Oceanus
Drakensberg  S.A. de C.V. Marine ecology,Coralmarica,Oceanus
Océano del Este SRL,Coralmarica,Coralmarica
Mar de la Costa AS Cargo,Kondanovia,Kondanovia
-9409,NA,Oceanus
French Hake Cargo ship Sagl Services,Marebak,Oceanus
Mar de Cristalino Salt spray,Marebak,Oceanus
Rift Valley fishery Corporation,Nalakond,Oceanus
xiǎo lóng xiā Company,Coralmarica,Oceanus
Diao yu bi sai  Ltd. Liability Co,Coralmarica,Coralmarica
-517,NA,Oceanus
-1823,NA,Oceanus
-323,NA,Oceanus
-7107,NA,Oceanus
Beach Bums Estuary SE Merchants,Valtalmo,Oceanus
Seafarer's Club Pic Transport,Marebak,Kethilim
Haikou GmbH & Co. KG Transport,-22004,Oceanus
-4091,NA,Oceanus
-4012,NA,Oceanus
-9325,NA,Oceanus
-1510,NA,Oceanus
-100,NA,Oceanus
Estrella de Mar Inc,Zimawand,Oceanus
-144,NA,Oceanus
-5840,NA,Oceanus
Caracola del Mar Transit,Coralmarica,Oceanus
Khundu GmbH & Co. KG Solutions,Icarnia,Oceanus
Niger River Delta  Oyster ,Isliandor,Oceanus
Playa del Mar Sagl Marine conservation,Marebak,Oceanus
SE Ltd. Liability Co,Rio Isla,Oceanus
Wave Warriors Ltd. Corporation Express,Coralada,Oceanus
West Bengal  Plc Freight ,NA,Oceanus
-561,NA,Oceanus
Sparrman's bream GmbH Carriers,Coral Solis,Oceanus
Zanzibar Archipelago   S.p.A. Services,Mawazam,Oceanus
Mar de la Luz Plc,Nalakond,Oceanus
Océano Azul Marine ecology,Coralada,Oceanus
Ancla del Mar Kga,Marebak,Oceanus
-3373,NA,Oceanus
bǐ mù yú SE Brothers,Marebak,Oceanus
-967,NA,Oceanus
Blue Horizon S.A. de C.V. Logistics,Oceanus,Oceanus
Estrella del Mar A/S,Zawalinda,Oceanus
SeaSplash Foods Ferry NV Transport,Lumindoria,Oceanus
Estrella del Sol Incorporated Aqua,Merigrad,Oceanus
Saltwater Solitude N.V. International,Polarisdom,Oceanus
-421,NA,Oceanus
-5975,NA,Oceanus
-665,NA,Oceanus
Saltwater Sisters Plc and Son's,NA,Oceanus
French Hake Limited Liability Company Consulting,Oceanus,Oceanus
Ancla Azul S.A. de C.V.,Kondanovia,Oceanus
Balkan Trout Ltd. Liability Co,Rio Isla,Oceanus
Caracola de Coral Shipyard Sp Investment,Coralmarica,Islavaragon
Caspian Sea   OJSC Brothers,Puerto Sol,Oceanus
Dry Creek Company Services,Vesperanda,Maripuerto
Estrella del Mar Ltd. Liability Co,Marebak,Zaloria
Madhya Pradesh  Market Ltd Line,Riodelsol,Oceanus
Makumba Marine life Charter Boat ,Lumindoria,Oceanus
ReefRider Foods LLC Marine ecology,Alverossia,Oceanus
Saharan Oasis  Ges.m.b.H. Transit,Marebak,Orvietonix
Saltwater Solitude Tom yum,Puerto Sol,Zaloria
Yu er he  GmbH,Mango del Oro,Zaloria
Northeast AB Marine ecology,NA,Oceanus
Surf and Sand Oyster  Company Enterprises,Merigrad,Oceanus
Lake Kariba   Ltd Shipping,Mawazam,Oceanus
Costa de Coral Marine,Jiraputra,Oceanus
Tamil Nadu  Market Corp,Utoporiana,Oceanus
Adriatic Mackerel Marine life AG Holdings,NA,Oceanus
OceanGem Limited Liability Company Carriers,Kondanovia,Oceanus
Saltwater Sisters AS Marine life,Coralmarica,Oceanus
Rufiji Delta  Ltd. Liability Co,Isliandor,Oceanus
-1003,NA,Oceanus
FinestSea Limited Liability Company,Coralmarica,Oceanus
-122,NA,Oceanus
Playa del Mar Delivery,Solovarossa,Oceanus
Mar de Plata SRL,Kondanovia,Oceanus
Seaside Summit S.A. de C.V.,Vesperanda,Oceanus
Assam  Market Tilapia Ltd Worldwide,Alverossia,Oceanus
Coral Azul A/S Transport,Coralmarica,Oceanus
S.A. de C.V. Company,Jiraputra,Oceanus
Lake Victoria Nile    A/S,Alverossia,Oceanus
-88,NA,Oceanus
Caracola del Sol S.A. de C.V. Marine ecology,Merigrad,Oceanus
Henties Bay  Sagl Marina,Nalaloria,Oceanus
