id,top_importers,red_flag1,red_flag2,shpcountry,rcvcountry,in_deg_centrality,out_deg_centrality,betweenness_centrality
 Direct Herring Company Transit,No,No,No,Mawazam,Coralmarica,0,50,0
1 Limited Liability Company,No,No,No,Lumindoria,Oceanus,0,28,0
1 Ltd. Liability Co Cargo,No,No,No,Mawandia,NA,0,709,0
2 Limited Liability Company,No,Yes,Yes,Marebak,Oceanus,0,981,0
2 Wharf S.A. de C.V. Delivery,No,No,No,Merigrad,Oceanus,0,151,0
3 Logistics Tom yum,No,No,Yes,Mawazam,Oceanus,0,259,0
3 Oceanography ОАО Marine life,Yes,Yes,Yes,Faraluna,Oceanus,4871,26,52.5
4 Limited Liability Company Seaport,No,No,No,Mawazam,Morolaria,0,257,0
4 N.V. Marine biology,No,No,No,Brindisola,Oceanus,78,168,2
4 S.A. de C.V. Shipping,No,No,Yes,Merigrad,NA,0,113,0
5 Sashimi NV Holdings,No,No,No,Thessalandia,Coralmarica,0,124,0
9 Charter Boat  Plc Overseas,No,No,No,Marebak,NA,0,311,0
9 Marine biology Ltd Family,No,Yes,No,Mawazam,NA,0,60,0
Adair GmbH & Co. KG Cargo,No,No,No,Puerto del Mar,Oceanus,0,40,0
Adair S.A. de C.V.,No,No,No,Mawazam,Oceanus,0,127,0
Adriatic Catch Bonito Ltd Consultants,No,No,Yes,Osterivaria,NA,0,26,0
Adriatic Catch Ltd. Liability Co Transportation,No,Yes,No,Vesperanda,Coralmarica,0,1385,0
Adriatic Mackerel S.A. de C.V.,No,Yes,Yes,Playa Solis,Oceanus,0,23,0
Adriatic Squid SE Marine conservation,No,No,No,Merigrad,NA,0,21,0
Adriatic Tuna AS Solutions,No,Yes,Yes,Mawazam,Oceanus,0,806,0
Adriatic Tuna Ltd. Liability Co,No,Yes,No,Merigrad,Oceanus,0,329,0
Adriatic Tuna SRL Line,No,No,No,Merigrad,Oceanus,0,24,0
Adriatic Tuna Shipyard GmbH United,No,No,No,Thessalandia,Oceanus,0,109,0
Adriatic Tuna ОАО Carriers,No,No,No,Marebak,Oceanus,0,89,0
Agua Ltd. Liability Co,No,No,Yes,Marebak,Oceanus,0,45,0
Amur  Oceanography LLC Services,No,No,Yes,Sol y Oceana,Oceanus,0,26,0
Ancla de Oro Ferry,No,No,Yes,Marebak,Oceanus,0,54,0
Ancla de Oro N.V.,No,Yes,No,Merigrad,Oceanus,0,329,0
Ancla del Este AS,No,No,No,Utoporiana,Oceanus,0,201,0
Ancla del Este Sp Fish ,No,No,No,Zawalinda,NA,0,124,0
Andhra Pradesh   Sextant Oyj Forwading,No,Yes,Yes,Zawalinda,Sol y Oceana,0,849,0
Andhra Pradesh  Ltd. Liability Co,No,Yes,Yes,Coralmarica,Oceanus,0,274,0
Angeline Sea NV Worldwide,No,No,No,Merigrad,NA,0,502,0
Aqua Advancements Sagl Transport,No,Yes,No,Coralada,Coralmarica,0,424,0
Aqua Adventures Carriers Seabed,No,No,No,Mawazam,NA,0,1175,0
Aqua Anchor Kga Holdings,No,No,No,Mawazam,Utoporiana,0,134,0
Aqua Aura LLC Investment,No,Yes,Yes,Marebak,NA,0,820,0
Aqua Aura Nori Ltd. Corporation Brothers,No,No,No,Kondanovia,Coralmarica,0,613,0
Aqua Aura OJSC Marine sanctuary,No,No,Yes,Korvelia,Brindivaria,0,42,0
Aqua Aura SE Marine life,No,Yes,Yes,Kondanovia,Oceanus,0,2627,0
Aqua Azul LC International,No,Yes,No,Arreciviento,Oceanus,0,3624,0
Aqua Azul Oyster  BV Freight ,No,No,No,Vesperanda,NA,0,78,0
Aqua Gourmet GmbH & Co. KG Forwading,No,No,No,Nalakond,Oceanus,0,51,0
Aqua Gourmet Ltd. Liability Co Services,No,No,Yes,Marebak,NA,0,31,0
Aqua Mermaid Ltd. Liability Co,No,No,No,Marebak,NA,0,43,0
Aqua Mermaid Sagl Merchants,No,Yes,No,Osterivaria,NA,0,479,0
Aqua Mermaid Seafarer Sp Solutions,No,No,Yes,Isliandor,NA,0,509,0
Aqua Ventures Corporation Industrial,No,No,No,Zawalinda,Sol y Oceana,0,21,0
Aqua Ventures Dry dock,No,No,No,Coralmarica,Lumakari,0,255,0
Aqua Ventures Wave Sp Marine sanctuary,No,No,No,Marebak,NA,0,28,0
AquaBite GmbH & Co. KG Transport,No,No,No,Merigrad,Oceanus,0,52,0
AquaCuisine  Ltd. Liability Co,No,Yes,No,Osterivaria,Oceanus,0,169,0
AquaCuisine  Ltd. Liability Co Nautilus,No,No,Yes,Isliandor,Oceanus,0,492,0
AquaCuisine  Surfboard BV Carriers,No,No,No,Lumaland,NA,0,21,0
AquaCuisine AG Marine ecology,No,No,Yes,Marebak,Marebak,0,165,0
AquaDelicious Coral Co Holdings,No,No,No,Oceanus,Oceanus,0,32,0
AquaDelight S.A. de C.V. Delivery,No,No,No,Nalakond,NA,0,48,0
AquaFresh Foods CJSC -,No,No,Yes,Kondarama,Oceanus,0,118,0
AquaFresh Foods Incorporated Logistics,No,No,Yes,Coral Solis,NA,0,58,0
Aquatic Adventures Company Marine,No,No,Yes,Coralmarica,Oceanus,0,21,0
Arawak Ltd. Liability Co Transport,No,Yes,No,Marebak,Oceanus,0,47,0
Arawak Pelican Ltd. Liability Co and Son's,No,No,No,Marebak,NA,0,36,0
Arena Azul Ltd. Liability Co Solutions,No,No,No,Marebak,NA,0,101,0
Arena Azul Sagl Family,No,No,No,Vesperanda,Oceanus,0,74,0
Arena de Coral A/S,No,No,Yes,Mawazam,Coralmarica,33,33,2
Arena de Coral Express,No,No,No,Mawazam,Oceanus,0,30,0
Arena del Mar Corp Transport,No,No,No,Merigrad,Oceanus,0,182,0
Arena del Mar Tidal Oyj Carriers,No,No,No,Marebak,NA,0,50,0
Arena del Sol GmbH Submarine,No,No,Yes,Islavaria,Oceanus,0,31,0
Arena del Sol Incorporated,No,No,No,Marebak,Marebak,0,129,0
Arena del Sol Pic,No,Yes,Yes,Merigrad,Oceanus,0,1972,0
Arena del Sol SRL,No,Yes,Yes,Marebak,Marebak,0,1696,0
Arunachal  S.A. de C.V. Solutions,No,No,No,Talandria,Rio Isla,0,66,0
Arunachal Pradesh s GmbH,No,No,No,Osterivaria,Oceanus,0,170,0
Arunachal Pradesh s Jetty,No,No,Yes,Isliandor,Coral Solis,0,47,0
Arunachal Pradesh s LC Marine biology,No,No,No,Riodelsol,NA,0,61,0
Arunachal Pradesh s Ltd,No,No,Yes,Sol y Oceana,Oceanus,0,53,0
Arunachal Pradesh s N.V.,No,No,No,Marebak,Oceanus,0,118,0
Arunachal Pradesh s NV,No,No,No,Talandria,Talandria,0,26,0
Arunachal Pradesh s Plc,No,Yes,No,Osterivaria,Oceanus,0,846,0
Arunachal Pradesh s Sagl,No,No,No,Isliandor,Oceanus,0,25,0
Arunachal Pradesh s ОАО,No,Yes,Yes,Merigrad,NA,0,32,0
Asiotr Coral Ltd. Corporation Cargo,No,No,No,Valtalmo,Oceanus,40,35,1
Asiotr GmbH & Co. KG,No,Yes,No,Merigrad,Oceanus,0,737,0
Asiotr Sailboat Ges.m.b.H. Consulting,No,No,No,Riodelsol,Sol y Oceana,0,26,0
Assam   Limited Liability Company Transit,No,No,No,Merigrad,NA,0,24,0
Assam  Market GmbH & Co. KG Dockyard,No,Yes,Yes,Marebak,NA,0,653,0
Assam  Market Kga Brothers,No,No,No,Mawazam,Oceanus,0,95,0
Assam  Market LC World,No,No,Yes,Puerto del Mar,Konalika,0,231,0
Assam  Market Ltd Forwading,No,Yes,No,Merigrad,Kondanovia,0,256,0
Asveja America GmbH & Co. KG Freight ,No,Yes,No,Coralmarica,Oceanus,0,108,0
Atlantic Ocean Coast  Inc & Son's,No,No,Yes,Vesperanda,Oceanus,0,112,0
Atlantic Ocean Coast  Navigation Corporation Transportation,No,No,No,Anderia del Mar,Sol y Oceana,0,43,0
Atlantic Ocean Coast  S.A. de C.V. Pelican,No,Yes,No,Osterivaria,NA,0,309,0
Atlantic Ocean Coast  S.p.A.,No,No,No,Rio Isla,Oceanus,0,46,0
AtlanticAppetite Oyster  Ltd. Corporation Investment,Yes,Yes,Yes,Sirenareef,Oceanus,1782,52,30
Atlas Mountains  GmbH & Co. KG,No,No,No,Vesperanda,NA,0,85,0
Atlas Mountains  LC and Son's,No,No,Yes,Marebak,NA,0,151,0
Atlas Mountains  Ltd. Corporation Transportation,No,No,No,Merigrad,NA,0,22,0
Atlántico Sur S.A. de C.V. Solutions,No,No,No,Polarisdom,Oceanus,0,31,0
Bahía Azul AB Export,No,No,No,Marebak,NA,0,110,0
Bahía Azul Plc Delivery,No,No,Yes,Numilandia,Oceanus,0,21,0
Bahía de Coral Oyj,No,No,No,Puerto Sol,Azurionix,0,21,0
Bahía de Coral SE,No,No,No,Vesperanda,Oceanus,0,128,0
Bahía de Plata Kga Marine life,No,No,No,Marebak,NA,0,22,0
Bahía de Plata Sagl Consulting,No,No,No,Faraluna,Oceanus,0,147,0
Bahía de Plata Trout,No,No,No,Rio Isla,Oceanus,0,84,0
Bahía del Este AB,No,No,No,Galduzim,NA,0,102,0
Bahía del Sol - S.p.A. Marine,No,Yes,No,Osterivaria,Oceanus,0,94,0
Bahía del Sol Deep-sea,No,Yes,Yes,Brindisola,Oceanus,0,59,0
Bahía del Sol Kga Consulting,No,Yes,No,Vesperanda,Oceanus,0,319,0
Bahía del Sol NV,No,No,No,Uzifrica,Oceanus,0,86,0
Bahía del Sol Seabreeze Kga Marine biology,No,No,No,Lumakari,Ivarisia,0,99,0
Bahía del Sol ОАО,No,No,No,Rio Isla,Oceanus,0,78,0
Balkan  GmbH & Co. KG,No,No,No,Osterivaria,Oceanus,0,40,0
Balkan  Ltd. Corporation Marine,No,No,No,Marebak,NA,0,113,0
Balkan Anchovy BV Forwading,No,No,Yes,Merigrad,Oceanus,0,35,0
Balkan Anchovy Ltd. Corporation,No,No,No,Faraluna,NA,0,197,0
Balkan Cat ОАО Transport,No,Yes,Yes,Vesperanda,Oceanus,0,4454,0
Balkan Trout AB Cargo,No,No,No,Lumaland,Oceanus,0,43,0
Baltic Catch Ltd. Liability Co,No,Yes,Yes,Marebak,Coralmarica,0,392,0
Baltic Catch Oyj Shipping,No,Yes,No,Solovarossa,Oceanus,0,149,0
Baltic Catch SE Solutions,No,No,Yes,Marebak,Jiraputra,87,828,19
Baltic Flounder Salt spray LLC Marine conservation,No,Yes,No,Merigrad,NA,0,148,0
Baltic Sprat Pic Freight ,No,Yes,No,Vesperanda,Oceanus,0,137,0
Banded tilapia Corporation Holdings,No,No,No,Solovarossa,Oceanus,0,21,0
Banded tilapia Cruise ship BV Export,No,Yes,No,Marebak,Oceanus,0,340,0
Banded tilapia Sextant Pic Marine life,No,Yes,No,Marebak,NA,0,419,0
Barco de Plata CJSC,No,No,No,Marebak,NA,0,242,0
Barco de Plata Express,No,No,No,Osterivaria,Oceanus,0,24,0
Barco de Plata GmbH & Co. KG,No,No,Yes,Marebak,NA,0,199,0
Barco de Plata Tanker,No,No,No,Marebak,NA,0,23,0
Barents Sea Cod BV Seabed,No,No,No,Lumindoria,Oceanus,0,62,0
Barents Sea Cod Corporation Family,No,No,No,Vesperanda,Islavaragon,0,85,0
Barents Sea Cod Dry dock Pic Transport,No,No,No,Osterivaria,NA,0,120,0
Barents Sea Cod LC Marine biology,No,No,Yes,Mawazam,Oceanus,0,76,0
Barents Sea Cod Limited Liability Company,No,No,No,Marebak,NA,0,26,0
Barents Sea Shrimp CJSC Compass,No,No,No,Utoporiana,-22005,0,69,0
Barents Sea Shrimp NV,No,No,Yes,Merigrad,Oceanus,22,80,1
Barents Sea Shrimp Oyj Solutions,No,No,No,Islavaria,Oceanus,0,56,0
Barents Sea Shrimp Plc,No,No,No,Mawazam,NA,0,107,0
Barents Sea Shrimp Tugboat AB Enterprises,No,No,Yes,Isliandor,Oceanus,0,208,0
Bay of Bengal's Anchor,No,Yes,No,Zawalinda,Oceanus,0,278,0
Bay of Bengal's Corp,No,Yes,Yes,Osterivaria,Oceanus,0,837,0
Beach Breakers AS Brothers,No,No,No,Osterivaria,NA,0,27,0
Belgian  Surf Sp Brothers,No,No,No,Oceanus,Sol y Oceana,0,176,0
Belgian Cod BV Solutions,Yes,Yes,Yes,Coralmarica,Coralmarica,8969,36,24
Belgian Lobster AG Shoal,No,Yes,Yes,Coralmarica,Oceanus,0,96,0
Belgian Scallop Compass Limited Liability Company Line,No,Yes,No,Merigrad,Oceanus,99,119,3
Belgian Scallop Harbor ОАО Freight ,No,Yes,No,Marebak,NA,0,630,0
Big Sulphur  Inc Delivery,No,No,No,Marebak,NA,0,24,0
Big Sulphur  S.A. de C.V.,No,Yes,Yes,Marebak,Oceanus,0,741,0
Bihar  OJSC Coral Reef,No,No,Yes,Coral Solis,Oceanus,0,174,0
Black Sea Anchovy GmbH & Co. KG Import,No,No,Yes,Zawalinda,Oceanus,0,161,0
Black Sea Anchovy GmbH & Co. KG Services,No,No,Yes,Vesperanda,Luminkind,0,130,0
Black Sea Anchovy NV,No,No,No,Osterivella,Oceanus,0,30,0
Black Sea Anchovy Pic Wharf,No,No,No,Vesperanda,Oceanus,0,335,0
Black Sea Anchovy S.p.A. Brothers,No,No,No,Merigrad,NA,0,71,0
Black Sea Anchovy Transport,No,No,No,Marivaria,NA,0,25,0
Black Sea Carp OJSC,No,No,No,Osterivaria,Oceanus,0,24,0
Black Sea Sprat Coast AG Shipping,No,Yes,No,Puerto del Mar,NA,0,239,0
Black Sea Sprat LC Transport,No,Yes,No,Merigrad,Oceanus,0,255,0
Black Sea Tuna Barracuda,No,Yes,Yes,Coralmarica,Coralmarica,0,652,0
Black Sea Tuna S.A. de C.V. Logistics,No,No,Yes,Marebak,NA,0,106,0
Blue Horizon Family &,No,Yes,No,Osterivaria,NA,0,7175,0
Blue Horizon Inc Transport,No,Yes,Yes,Marebak,Marebak,0,968,0
Blue Horizon Limited Liability Company,No,No,No,Osterivaria,Oceanus,0,257,0
Blue Horizon Plc Shipping,No,No,No,Isliandor,Oceanus,0,71,0
Blue Lagoon Marine biology _,No,No,Yes,Arreciviento,Oceanus,0,44,0
Blue Nile  LLC and Son's,No,No,No,Marebak,NA,0,51,0
Blue Nile  Ltd. Liability Co,No,No,No,Marebak,NA,0,237,0
Blue Nile  OJSC Logistics,No,Yes,Yes,Puerto del Mar,Oceanus,0,281,0
Blue Ridge   OJSC Forwading,No,No,No,Zawalinda,Oceanus,0,321,0
Blue S.A. de C.V.,No,No,Yes,Marebak,NA,0,440,0
Blue Water Ventures Brine AS Enterprises,No,Yes,No,Marebak,Puerto Sol,0,282,0
Blue Water Ventures Corp,No,Yes,No,Marebak,Oceanus,0,37,0
Blue Water Ventures N.V.,No,No,No,Coral Solis,NA,0,149,0
Blue Water Ventures Sagl Express,No,No,No,Marebak,Oceanus,0,45,0
BlueWaterBites GmbH & Co. KG Export,No,No,No,Marebak,Oceanus,0,37,0
BlueWaterBites Ltd. Liability Co,No,No,No,Faraluna,Oceanus,0,44,0
Briny Import Marine sanctuary,Yes,Yes,Yes,Faraluna,Oceanus,785,39,5
Brisa Marina CJSC Bonito,No,Yes,No,Zawalinda,Sol y Oceana,0,1745,0
Brisa del Este Brine,No,Yes,Yes,Marebak,NA,0,1078,0
Brisa del Este GmbH,No,No,No,Marebak,NA,0,50,0
Brisa del Este Inc,No,No,No,Oceanus,Oceanus,0,38,0
Brisa del Este Wave,No,No,No,Marebak,NA,0,30,0
Brisa del Este ОАО Marine sanctuary,No,No,No,Islavaria,Oceanus,0,68,0
Brisa del Mar AB Worldwide,No,No,No,Kondanovia,Oceanus,0,39,0
Brisa del Mar GmbH,No,No,No,Merigrad,Oceanus,0,138,0
Brisa del Mar Ltd. Liability Co,No,No,No,Marebak,NA,0,153,0
Bu yu wang AG,No,Yes,No,Zawalinda,Oceanus,81,82,1
Bu yu wang SRL,No,No,No,Marebak,NA,0,23,0
Bu yu wang Sp,No,No,Yes,Oceanus,Rio Isla,0,91,0
Bujagali Falls  CJSC Brackish,No,No,No,Marebak,NA,0,129,0
Bujagali Falls  SE Freight ,No,No,No,Coralmarica,NA,0,23,0
CJSC S.A. de C.V.,No,No,No,Marebak,NA,0,45,0
Cameroon Estuary  Sagl Carriers,No,No,No,Mawazam,NA,0,55,0
Cape Verde Islands  Fish ,No,Yes,Yes,Marebak,NA,0,295,0
Cape Verde Islands  Sp Transportation,No,No,No,Marebak,NA,0,1236,0
Cape of Good Hope   Corporation,No,Yes,Yes,Marebak,NA,0,1121,0
Caracola Azul LLC Cargo,No,No,No,Riodelsol,NA,0,36,0
Caracola Azul Ltd Solutions,No,Yes,No,Vesperanda,Oceanus,0,219,0
Caracola Azul Tilapia Corp Transport,No,No,No,Marebak,Oceanus,0,24,0
Caracola Marina - Plc Enterprises,No,No,Yes,Kondanovia,Oceanus,0,198,0
Caracola Marina Ltd Holdings,No,Yes,No,Vesperanda,Marifada,0,272,0
Caracola de Coral AG Marine sanctuary,No,No,Yes,Marebak,Oceanus,0,49,0
Caracola del Este Delivery,No,Yes,Yes,Arreciviento,Oceanus,0,105,0
Caracola del Este Incorporated,No,Yes,No,Vesperanda,NA,0,382,0
Caracola del Este N.V.,No,Yes,No,Zawalinda,Sirenareef,50,131,1
Caracola del Este Plc United,No,Yes,Yes,Kondanovia,Oceanus,0,413,0
Caracola del Mar AS,No,No,No,Puerto del Mar,Oceanus,0,25,0
Caracola del Mar LLC Delivery,No,No,No,Ariuzima,Oceanus,0,103,0
Caracola del Mar SRL Logistics,No,No,No,Arreciviento,NA,0,73,0
Caracola del Sol Company Express,No,No,No,Marebak,Oceanus,0,285,0
Caracola del Sol Delivery,No,No,No,Puerto del Mar,Luminkind,0,82,0
Caracola del Sol Incorporated,No,No,Yes,Merigrad,Oceanus,0,1205,0
Casablanca Coast  Flounder Oyj Line,Yes,Yes,No,Marebak,Oceanus,738,500,37
Caspian Sea   AG Line,No,No,No,Coralmarica,Oceanus,0,30,0
Chhattisgarh   Estuary Sp Marine biology,No,No,No,Thessalandia,Oceanus,0,368,0
Chhattisgarh   S.A. de C.V.,No,Yes,Yes,Marebak,Marebak,0,289,0
Chhattisgarh  Seafood Ltd. Liability Co Worldwide,No,No,No,Sol y Oceana,Oceanus,0,55,0
Chituku SRL & Son's,No,Yes,No,Norlindor,Oceanus,45,30,4
Chituku Seabass LLC Delivery,No,No,No,Sol y Oceana,NA,0,22,0
Chituku Trout Inc Cargo,No,No,No,Jiraputra,Pachaputra,0,22,0
Christopher Limited Liability Company,No,No,No,Riodelsol,Oceanus,0,46,0
Chuan gou  Co Marine sanctuary,No,No,No,Marebak,Marebak,0,228,0
Chuan gou  Company Overseas,No,No,No,Sol y Oceana,Oceanus,0,24,0
Chuan gou  N.V. Delivery,No,Yes,No,Merigrad,Oceanus,0,3243,0
Chuan gou  S.p.A. United,No,No,No,Zawalinda,Puerto del Mar,0,43,0
Coastal Castaway AB and Son's,No,No,No,Marebak,NA,0,41,0
Coastal Castaway S.A. de C.V. United,No,No,No,Coralmarica,Oceanus,0,25,0
Coastal Charm AG Overseas,No,No,No,Marebak,Marebak,0,24,0
CoastalCuisine Ltd. Liability Co,No,No,Yes,Arreciviento,Sol y Oceana,0,61,0
Congo Basin  Limited Liability Company,No,No,No,Puerto Sol,Oceanus,0,68,0
Congo Rapids   Corporation Sextant,No,No,Yes,Nalakond,Oceanus,0,61,0
Congo Rapids   Ltd. Corporation,No,No,No,Brindivaria,Oceanus,191,123,25
Congo River  S.p.A. Overseas,No,No,No,Kondarama,Puerto del Mar,0,49,0
Consulting S.A. de C.V.,No,No,No,Merigrad,NA,0,26,0
Coral Azul and OJSC Brothers,No,Yes,Yes,Marebak,Coralmarica,0,69,0
Coral Coast Freight  Flotsam,No,No,No,Marebak,NA,0,35,0
Coral Cove BV Brothers,No,Yes,No,Merigrad,Oceanus,0,234,0
Coral Cove LC Hull,No,Yes,Yes,Puerto del Mar,Oceanus,0,527,0
Coral Kingdom AG Transit,No,No,No,Marebak,Oceanus,0,49,0
Coral Kingdom Co Merchants,No,No,No,Rio Isla,NA,0,142,0
Coral del Mar Incorporated,No,No,No,Solovarossa,Oceanus,0,33,0
Coral del Mar Logistics,No,No,No,Mawazam,Oceanus,0,967,0
Coral del Sur AS Port,No,No,No,Marebak,NA,0,361,0
Coral del Sur LLC Transport,No,No,No,Merigrad,Oceanus,0,41,0
Coral del Sur Limited Liability Company,No,Yes,No,Marebak,Nordica Bay,0,374,0
Coral del Sur Sagl Family,No,Yes,No,Solovarossa,Oceanus,0,136,0
CoralCove Foods AG Marine conservation,No,Yes,No,Thessalandia,Oceanus,0,1485,0
CoralCrest Limited Liability Company Seabass,No,No,No,Merigrad,NA,0,52,0
Corporation Limited Liability Company,No,No,No,Thessalandia,NA,0,43,0
Costa de Coral Corporation Worldwide,No,Yes,No,Marebak,NA,0,156,0
Costa de Coral Limited Liability Company Transport,No,No,No,Marebak,Oceanus,0,437,0
Costa de Coral Marine biology SE Consulting,No,Yes,No,Vesperanda,NA,0,590,0
Costa de Oro BV,No,No,No,Zawalinda,Oceanus,0,1001,0
Costa de Oro CJSC,No,No,No,Quirinelle,Oceanus,0,26,0
Costa de Oro Corporation,No,No,Yes,Galduzim,Oceanus,0,98,0
Costa de Oro S.p.A.,No,Yes,Yes,Thessalandia,Oceanus,117,62,4
Costa de la Felicidad Company,No,No,No,Marebak,NA,0,352,0
Costa de la Felicidad Limited Liability Company,No,Yes,Yes,Marebak,Maripuerto,0,749,0
Costa de la Felicidad Ltd,No,No,Yes,Puerto del Mar,NA,0,105,0
Costa del Mar Ges.m.b.H. Marine biology,No,Yes,No,Mawazam,Oceanus,0,595,0
Costa del Mar Incorporated,No,No,Yes,Coralmarica,Oceanus,0,147,0
Costa del Sol BV,No,No,No,Isliandor,Oceanus,0,47,0
Costa del Sol Co,No,No,No,Oceanus,Oceanus,0,29,0
Costa del Sol Ges.m.b.H.,No,Yes,Yes,Marebak,Jiraputra,0,367,0
Costa del Sol GmbH & Co. KG Family,No,No,No,Marebak,Lumaland,0,80,0
Costa del Viento A/S Freight ,No,Yes,Yes,Mawazam,NA,0,757,0
Costa del Viento Ges.m.b.H.,No,No,Yes,Nalakond,NA,0,314,0
Costa del Viento Incorporated and Son's,No,No,No,Thessalandia,Oceanus,0,43,0
Costa del Viento NV,No,Yes,Yes,Marebak,Marebak,0,828,0
Costa del Viento S.A. de C.V.,No,No,No,Vesperanda,Oceanus,0,648,0
Costa del Viento SRL Shipping,No,No,No,Osterivaria,NA,0,127,0
Daniel Ferry N.V. Transit,No,Yes,No,Osterivaria,Oceanus,0,4184,0
Danish  S.A. de C.V.,No,No,No,Coralmarica,Oceanus,0,54,0
Danish Mackerel SE Brothers,No,No,No,Riodelsol,Gavanovia,0,42,0
Danish Mackerel ОАО Line,No,No,No,Riodelsol,Sol y Oceana,0,171,0
Danish Plaice BV Investment,No,No,No,Vesperanda,NA,0,1497,0
Danish Plaice Ltd. Liability Co Logistics,No,No,No,Arreciviento,NA,0,1449,0
Danish Plaice Swordfish AB Shipping,No,Yes,No,Mawazam,NA,0,250,0
David Corporation Marine life,No,No,No,Vesperanda,Oceanus,0,200,0
David Limited Liability Company Worldwide,No,No,Yes,Marebak,Kuzalanda,0,1660,0
David Ltd. Liability Co,No,No,No,Marebak,Oceanus,0,31,0
David Ltd. Liability Co Forwading,Yes,Yes,Yes,Coralada,Oceanus,2354,23,43
Deep Blue Cargo ship,No,Yes,Yes,Thessalandia,Oceanus,233,103,4
Deep Blue Ltd. Corporation Shipping,No,No,No,Marebak,NA,0,24,0
Deep Sea Divers Incorporated Shipping,No,Yes,No,Marebak,Oceanus,0,158,0
Deep Sea Divers Oyj,No,No,No,Nalakond,Utoporiana,0,29,0
Deep Sea Divers SRL Industrial,No,No,No,Faraluna,Oceanus,0,30,0
Delhi   Limited Liability Company,No,No,No,Arreciviento,Oceanus,0,210,0
Delhi   Ltd. Liability Co,No,No,Yes,Oceanus,Oceanus,0,83,0
Delhi ers Corp Brine,No,No,Yes,Merigrad,Oceanus,28,47,1
Delhi ers Ltd. Liability Co,No,Yes,No,Kondanovia,Oceanus,0,69,0
Delphinia Mussel Ges.m.b.H. Marine biology,No,No,No,Islavaria,NA,0,130,0
Diao er  Inc Brackish,No,No,No,Marebak,Oceanus,0,126,0
Diao er  Pic Marine,No,No,No,Icarnia,Oceanus,0,49,0
Diao yu  BV Logistics,No,No,Yes,Marebak,Oceanus,0,513,0
Diao yu  OJSC Overseas,No,Yes,Yes,Marebak,Marebak,0,760,0
Diao yu bi sai  BV,No,No,No,Oceanus,Oceanus,0,85,0
Diao yu bi sai  Pic,No,No,No,Kondanovia,Isliandor,0,75,0
Diao yu bi sai  Roe LLC Logistics,No,No,No,Marebak,Oceanus,0,26,0
Dnipro  Breakwater LC Marine sanctuary,No,Yes,Yes,Zawalinda,Zawalinda,0,1188,0
Dolphin Dreams AG Forwading,No,No,Yes,Marebak,NA,0,690,0
Donald Bonito LLC Line,No,No,Yes,Mawazam,Oceanus,0,235,0
Donald Sp & Son's,No,Yes,No,Merigrad,Oceanus,0,601,0
Doris Eel AS Overseas,No,No,Yes,Korvelia,Oceanus,0,355,0
Drakensberg  Limited Liability Company,No,Yes,Yes,Jiraputra,Oceanus,0,388,0
Dry Creek Limited Liability Company,No,No,No,Nalaloria,Oceanus,0,26,0
Dry Creek SE Import,No,No,No,Marebak,NA,0,210,0
Dry Creek SRL Line,No,No,Yes,Marebak,Oceanus,0,45,0
Dry Creek ОАО Enterprises,No,No,No,Kondanovia,Oceanus,0,80,0
Dubingiai GmbH & Co. KG Brothers,No,No,No,Gavanovia,Gavanovia,0,25,0
Dutch Bill  A/S Distribution,No,No,No,Zawalinda,Ariuzima,0,53,0
Dutch Bill  Marine mist NV Freight ,No,No,No,Merigrad,Oceanus,0,132,0
Dutch Eel AB Holdings,No,Yes,Yes,Vesperanda,Oceanus,0,2764,0
Dutch Eel LLC Express,No,No,No,Merigrad,NA,0,84,0
Dutch Eel Ray Company Marine,No,No,No,Isliandor,Oceanus,0,40,0
Dutch Herring N.V. Worldwide,No,Yes,Yes,Marebak,NA,0,96,0
Dutch Herring Sandbar LLC Line,No,No,No,Mawazam,Oceanus,0,21,0
Dutch Mussels N.V. Transportation,No,No,No,Marebak,NA,0,171,0
Dutch Mussels S.A. de C.V. Seaport,No,No,Yes,Marebak,Marebak,0,96,0
Dutch Mussels Tidepool ОАО Express,No,Yes,Yes,Marebak,NA,0,1204,0
East Limited Liability Company,No,Yes,Yes,Islavaria,Oceanus,0,740,0
East Mussel Kga Marine conservation,No,No,No,Gavanovia,Oceanus,0,57,0
Edward Aquamarine LC Transport,No,No,No,Marebak,NA,0,24,0
Edward Beach N.V. Marine ecology,No,No,No,Zawalinda,Sol y Oceana,0,384,0
Edward Ltd. Corporation & Son's,No,Yes,No,Coralmarica,Sol y Oceana,0,22,0
Edward Tsunami Ges.m.b.H. Family,No,Yes,No,Osterivaria,Oceanus,0,1348,0
Estrella de Mar AB,No,Yes,No,Zawalinda,NA,0,236,0
Estrella de Mar Corp,No,Yes,Yes,Puerto del Mar,Oceanus,0,106,0
Estrella de Mar Mudflat,No,Yes,No,Zawalinda,Oceanus,0,90,0
Estrella de Mar Pic Express,No,No,No,Solovarossa,Coralmarica,0,92,0
Estrella de Mar Whale,No,No,No,Brindivaria,NA,0,52,0
Estrella de la Costa Inc -,No,Yes,Yes,Marebak,Oceanus,0,73,0
Estrella de la Costa Kga Worldwide,No,No,No,Anderia del Mar,Oceanus,0,275,0
Estrella de la Costa Limited Liability Company,No,Yes,Yes,Marebak,Oceanus,74,28,1
Estrella de la Costa Ltd. Corporation Marine biology,No,No,No,Coral Solis,Coralmarica,0,89,0
Estrella de la Costa SRL,No,Yes,No,Mawazam,Oceanus,0,866,0
Estrella del Mar &,No,Yes,No,Coralmarica,Coralmarica,0,473,0
Estrella del Mar Forwading,No,No,Yes,Coralmarica,Oceanus,0,75,0
Estrella del Mar Nautilus Ltd Overseas,No,Yes,No,Vesperanda,Coralmarica,0,95,0
Estrella del Mar SE,No,No,No,Utoporiana,Oceanus,0,135,0
Estrella del Mar SRL,No,No,No,Mawazam,Oceanus,0,33,0
Estrella del Mar Sp,No,Yes,Yes,Marebak,NA,0,323,0
Estrella del Mar ОАО Shipping,No,No,Yes,Marebak,NA,0,1976,0
Estrella del Sol Buoy,Yes,Yes,Yes,Merigrad,Oceanus,902,144,37
Estrella del Sol OJSC Express,No,No,No,Marebak,NA,0,24,0
Estrella del Sol ОАО,No,Yes,Yes,Oceanus,Oceanus,0,143,0
Ethiopian Highlands  AB Forwading,No,No,No,Faraluna,Oceanus,0,51,0
Ethiopian Highlands  Incorporated Marine biology,No,Yes,No,Osterivaria,NA,0,843,0
Eukrante S.A. de C.V.,No,No,No,Merigrad,Oceanus,0,24,0
Fan er  Ltd. Corporation,No,Yes,Yes,Uzifrica,Icarnia,0,88,0
Faroe Islands  Company World,No,Yes,Yes,Zawalinda,Coralmarica,0,531,0
Faroe Islands Crab NV,No,No,Yes,Coralmarica,Oceanus,0,23,0
Faroe Islands Halibut ОАО,No,No,Yes,Alverossia,Oceanus,0,145,0
Faroe Islands Shrimp LLC,No,No,No,Marebak,Oceanus,0,38,0
Fin Addiction Ltd Line,No,Yes,Yes,Marebak,NA,0,970,0
Finest S.A. de C.V. Overseas,No,No,No,Osterivaria,NA,0,32,0
FinestTaste GmbH & Co. KG,No,No,No,Merigrad,NA,0,86,0
FinestTastes GmbH & Co. KG Cargo,No,No,No,Merigrad,Oceanus,0,27,0
FinestTastes Marine GmbH & Co. KG Distribution,No,Yes,No,Anderia del Mar,Mawandia,0,125,0
Finests  Salmon Ltd Marine ecology,No,No,No,Merigrad,Oceanus,0,154,0
Fisherman's Bounty Marine GmbH Consulting,No,Yes,No,Marebak,Oceanus,0,109,0
Fisherman's Pride AS Export,No,No,No,Zawalinda,Sol y Oceana,0,21,0
Fisherman's Pride ОАО _,No,No,Yes,Marebak,Oceanus,0,504,0
Flint GmbH & Co. KG Distribution,No,Yes,No,Vesperanda,Oceanus,0,204,0
Flint Ltd. Liability Co &,No,No,No,Zawalinda,Oceanus,0,51,0
Forwading S.A. de C.V.,No,No,Yes,Arreciviento,Oceanus,0,95,0
French  Seabed S.p.A. Forwading,No,Yes,No,Osterivaria,Luminkind,0,1558,0
French Sole Limited Liability Company,No,No,No,Arvaros,Oceanus,0,60,0
Fresh Limited Liability Company,No,No,Yes,Marebak,Marebak,0,61,0
Fresh Limited Liability Company Carriers,No,No,No,Coralmarica,Oceanus,0,49,0
Gambia River   Co Brothers,No,No,No,Vesperanda,Oceanus,0,97,0
Gambia River   Ges.m.b.H. &,No,Yes,No,Osterivaria,NA,0,133,0
Gambia River   GmbH & Co. KG and,No,No,Yes,Puerto del Mar,Sol y Oceana,0,370,0
Gambia River   Limited Liability Company Enterprises,No,Yes,No,Merigrad,NA,0,62,0
Gambia River   N.V. -,No,Yes,Yes,Coral Solis,Oceanus,0,327,0
George Ltd. Liability Co Express,No,No,No,Marebak,NA,0,128,0
George S.A. de C.V.,No,No,No,Marebak,Oceanus,0,36,0
Great Ruaha River  Rybachit Sagl Line,No,No,Yes,Marebak,Oceanus,0,49,0
Greek Mackerel GmbH & Co. KG,No,No,Yes,Marebak,NA,0,329,0
Greek Octopus Ltd. Corporation,No,Yes,Yes,Isliandor,Oceanus,0,710,0
Greek Octopus Ltd. Liability Co,No,No,Yes,Marebak,NA,0,434,0
Greek Octopus SRL Logistics,No,No,No,Merigrad,NA,0,2710,0
Greek Sea Bass Company Express,No,Yes,No,Marebak,NA,0,1238,0
Greek Sea Bream and,No,No,No,Marebak,Coralmarica,0,28,0
Greek ermen GmbH United,No,No,No,Valtalmo,Oceanus,0,93,0
Greek ermen Marine sanctuary,No,No,No,Marebak,NA,0,78,0
Greek ermen Plc Marine sanctuary,No,No,No,Myriadonia,Oceanus,237,23,3
Greek ermen Roe CJSC Cargo,No,No,No,Marebak,Oceanus,0,65,0
Green Valley Fish  Limited Liability Company Delivery,No,Yes,Yes,Puerto del Mar,Lumaland,0,127,0
Green Valley OJSC Services,No,No,No,Osterivaria,NA,0,86,0
Green Valley S.A. de C.V. Caviar,No,No,No,Merigrad,Oceanus,0,48,0
Group Tugboat Pic Logistics,No,No,Yes,Marebak,NA,0,78,0
Gujarat   Ltd. Liability Co,No,No,No,Arreciviento,Oceanus,0,136,0
Gujarat  Limited Liability Company Merchants,No,No,No,Vesperanda,NA,0,21,0
Gujarat Sea  AB Holdings,No,No,No,Marebak,NA,0,48,0
Gujarat ers Co Consulting,No,No,Yes,Mawazam,Oceanus,0,34,0
Gujarat ers Inc Worldwide,No,No,No,Kondanovia,Oceanus,0,79,0
Gulf of Guinea   Corporation,No,No,Yes,Marebak,Oceanus,0,78,0
Gulf of Guinea   Shipping,No,No,No,Mawalara,Coralmarica,0,76,0
Gulf of Guinea   Sp,No,Yes,No,Osterivaria,Coralmarica,0,69,0
Gulf of Tadjoura  Corp Shipping,No,No,No,Vesperanda,Maripuerto,0,79,0
Gvardeysk Cargo  SRL Investment,No,No,No,Playa Solis,Playa Solis,0,30,0
Harbah Ltd. Liability Co Marine,No,No,No,Merigrad,Oceanus,0,22,0
Haryana Sea  Marine ecology,No,Yes,Yes,Osterivaria,Oceanus,0,283,0
Haryana Sea  N.V. Holdings,No,No,No,Rio Isla,Oceanus,21,142,2
Haryana s Ltd Holdings,No,No,No,Osterivaria,NA,0,31,0
Haryana s Plc Transit,No,No,Yes,Marebak,NA,0,715,0
Himachal Pradesh   Co Express,No,No,No,Marebak,Oceanus,0,25,0
Himachal Pradesh   Creek OJSC Line,No,No,No,Marebak,NA,0,33,0
Himachal Pradesh   Pic Line,No,No,No,Marebak,Nalakond,0,22,0
Himachal Pradesh  BV Shipping,No,No,No,Marebak,Marebak,0,33,0
Himachal Pradesh  Limited Liability Company Solutions,No,No,Yes,Marebak,NA,0,49,0
Hook Motorboat ОАО Worldwide,No,No,No,Khamseena,Sol y Oceana,0,64,0
Hook S.A. de C.V.,No,No,No,Thessalandia,Thessalandia,0,284,0
Icelandic Cat S.p.A. Investment,No,No,No,Marebak,NA,0,59,0
Icelandic Cod GmbH United,No,No,No,Marebak,NA,0,29,0
Icelandic Oysters S.A. de C.V. Lighthouse,No,Yes,No,Marebak,NA,0,427,0
Icelandic Oysters _ BV United,No,No,No,Brindivaria,Mawalara,0,31,0
Icelandic Shrimp Corporation Transport,No,No,No,Isliandor,Oceanus,0,56,0
Iphimedeia LC Dry dock,No,No,No,Anderia del Mar,NA,0,65,0
Iphimedeia S.A. de C.V.,No,No,No,Marebak,Oceanus,0,750,0
Irish Mackerel Ltd. Corporation,No,Yes,No,Osterivaria,Oceanus,0,290,0
Irish Scallop Corporation Transport,No,No,No,Mawandia,Oceanus,0,121,0
Irish Scallop Inc Freight ,No,No,Yes,Korvelia,Oceanus,0,539,0
Irish Scallop S.A. de C.V.,No,No,No,Luminkind,Oceanus,0,72,0
Irish Sea  S.A. de C.V.,No,No,No,Isliandor,Oceanus,0,112,0
Irish Trout Inc Solutions,No,No,Yes,Mawazam,Coralmarica,58,23,0
Irtysh  Ltd. Liability Co,No,Yes,No,Oceanus,Oceanus,0,58,0
Isla Azul Limited Liability Company,No,No,Yes,Marebak,Oceanus,0,51,0
Isla Azul Ltd. Liability Co,No,No,No,Coralmarica,Oceanus,0,88,0
Isla del Este Kga Tidepool,No,No,No,Rio Isla,Oceanus,0,90,0
Isla del Tesoro AB Forwading,No,No,No,Rio Solovia,Oceanus,0,43,0
Isla del Tesoro Plc,No,No,No,Osterivaria,NA,0,55,0
Isla del Tesoro SE Transport,No,Yes,No,Osterivaria,NA,0,361,0
Italian Sardines Ges.m.b.H. Marine sanctuary,No,No,No,Marebak,Marebak,0,141,0
Italian Sardines Ltd. Liability Co,No,Yes,Yes,Vesperanda,Oceanus,0,1665,0
Italian Sword AB Seafaring,No,No,No,Brindisola,NA,0,1686,0
Italian Sword Ltd. Liability Co,No,No,No,Vesperanda,Oceanus,0,90,0
Italian Sword Underwater Plc Enterprises,No,Yes,No,Marebak,Oceanus,0,1002,0
Italian Tuna Seabed S.p.A. Express,No,No,No,Osterivaria,NA,0,45,0
Jammu & Kashmir  Company,No,No,No,Merigrad,Merigrad,0,34,0
Jammu & Kashmir  Flotsam,No,No,No,Faraluna,Oceanus,0,76,0
Jammu & Kashmir  Ges.m.b.H. Solutions,No,No,No,Arreciviento,Talandria,0,63,0
Jammu & Kashmir Sea  GmbH Shoal,No,No,No,Marebak,Oceanus,0,151,0
Jharkhand  GmbH & Co. KG United,No,No,No,Oceanus,Oceanus,0,30,0
Jharkhand Sea  Inc Shipping,No,No,No,Rio Isla,Oceanus,0,226,0
Jiangxi Marine biology Corp Forwading,No,No,No,Riodelsol,Coralmarica,0,76,0
Jiangxi Seal Plc Distribution,No,Yes,No,Coraland,Coraland,0,58,0
Jiyu  Inc Marine conservation,No,No,No,Puerto del Mar,NA,0,99,0
Kallianassa Fish  AG Solutions,No,No,No,Rio Isla,Oceanus,21,72,1
Kambala Limited Liability Company,No,No,No,Islavaria,Oceanus,0,246,0
Kambala Pelican Co Freight ,No,No,No,Osterivaria,NA,0,65,0
Kariba Dam   AS Worldwide,No,Yes,Yes,Coralmarica,Oceanus,0,90,0
Karnataka  Market A/S Transport,No,No,No,Faraluna,Oceanus,0,158,0
Karnataka  Market AS Solutions,No,No,No,Coralmarica,Coralmarica,75,27,2
Karnataka s Ltd. Liability Co Dashi,No,No,Yes,Puerto del Mar,Sol y Oceana,0,146,0
Kerala  Market - Ges.m.b.H. Cargo,No,Yes,No,Osterivaria,Oceanus,0,3163,0
Kerala  Market OJSC Brothers,No,Yes,No,Merigrad,NA,0,436,0
Kerala  Market Plc Transport,No,No,No,Marebak,Islavaragon,0,364,0
Kerala  Market SRL Wave,No,No,No,Marebak,NA,0,136,0
Kerala  Market Sp United,No,No,Yes,Faraluna,NA,0,32,0
Kerala Ltd. Corporation Aqua,No,No,No,Vesperanda,Oceanus,0,78,0
Kerala Ltd. Corporation Worldwide,No,No,No,Coralmarica,Oceanus,0,22,0
Kga Ltd. Liability Co,No,Yes,No,Zawalinda,NA,0,311,0
Khundu N.V. and Son's,No,No,No,Arreciviento,Oceanus,0,384,0
Kilimajaro Slopes   Incorporated and Son's,No,No,No,Merigrad,Oceanus,0,1711,0
Kilwa Coast  Coast NV Delivery,No,No,No,Osterivaria,Oceanus,0,190,0
Kilwa Coast  Limited Liability Company Forwading,No,No,No,Osterivaria,NA,0,156,0
Kilwa Coast  S.A. de C.V. Logistics,No,Yes,No,Osterivella,Oceanus,0,122,0
Konkan Coast  Dashi BV Investment,No,Yes,No,Merigrad,NA,0,566,0
LLC S.A. de C.V.,No,Yes,Yes,Osterivella,Sol y Oceana,0,273,0
La gan  AS Freight ,No,No,No,Marebak,NA,0,24,0
Lake Chad  A/S Worldwide,No,No,No,Coral Solis,Coralmarica,0,39,0
Lake Chad  Ltd. Corporation,No,No,Yes,Vesperanda,Oceanus,0,257,0
Lake Kainji  Corp Investment,No,No,No,Nalakond,NA,0,469,0
Lake Kainji  ОАО Worldwide,No,No,No,Thessalandia,Thessalandia,0,92,0
Lake Kivu   Corp Hijiki,No,No,No,Mawazam,NA,0,117,0
Lake Kivu   N.V. Carriers,No,Yes,Yes,Merigrad,Oceanus,0,243,0
Lake Kivu   NV Solutions,No,Yes,Yes,Marifada,NA,0,286,0
Lake Kivu   S.A. de C.V.,No,Yes,No,Solovarossa,Oceanus,0,51,0
Lake Malawi  Corp United,No,No,No,Sol y Oceana,Oceanus,0,107,0
Lake Malawi  S.A. de C.V.,No,No,Yes,Isliandor,Oceanus,0,62,0
Lake Manyara   LLC Express,No,No,Yes,Marebak,NA,0,253,0
Lake Manyara   Limited Liability Company,No,Yes,No,Faraluna,Sol y Oceana,0,83,0
Lake Manyara   ОАО Holdings,No,No,No,Marebak,Oceanus,0,27,0
Lake Nakuru  GmbH & Co. KG Import,No,No,No,Vesperanda,Oceanus,0,130,0
Lake Nasser  Tom yum,No,No,No,Marebak,NA,0,68,0
Lake Rukwa  Limited Liability Company,No,No,No,Kondarama,Kondarama,0,152,0
Lake Tana  & Son's,No,Yes,No,Osterivaria,Oceanus,0,3855,0
Lake Turkana  SRL Marine life,No,Yes,No,Marebak,NA,0,570,0
Lake Victoria Catch  BV,No,No,Yes,Merigrad,NA,0,514,0
Lake Victoria Catch  LLC,No,Yes,Yes,Anderia del Mar,NA,0,452,0
Lake Victoria Catch  NV,No,No,Yes,Coralmarica,Oceanus,0,269,0
Lake Victoria Nile    Corporation,Yes,Yes,Yes,Sol y Oceana,Oceanus,480,106,37.5
Lake Victoria Nile    GmbH & Co. KG Fish ,No,No,No,Zawalinda,Oceanus,0,30,0
Lake Victoria Nile    Inc,No,No,No,Isliandor,Oceanus,0,173,0
Lena  Abalone GmbH & Co. KG Freight ,No,No,Yes,Marebak,NA,0,92,0
Lena  Limited Liability Company,No,No,No,Marebak,Oceanus,0,30,0
Leska Limited Liability Company Consulting,No,No,No,Faraluna,Oceanus,0,122,0
Limpopo River  AB Consultants,No,No,Yes,Zawalinda,Oceanus,0,38,0
Line S.A. de C.V.,No,No,Yes,Lumindoria,Coralmarica,0,27,0
Logistics Ltd. Liability Co,No,No,Yes,Oceanus,Oceanus,0,191,0
Ltd. Corporation Ltd. Liability Co,No,No,No,Marebak,Oceanus,346,114,16
Ltd. Liability Co GmbH,No,Yes,No,Marebak,Oceanus,0,513,0
Ltd. Liability Co Incorporated,No,Yes,No,Marebak,NA,0,802,0
Ltd. Liability Co ОАО,No,No,No,Faraluna,Oceanus,0,22,0
Luangwa River   Kga Investment,No,No,No,Marebak,Oceanus,0,35,0
Maacama  Limited Liability Company,No,No,No,Korvelia,Oceanus,0,100,0
Madhya Pradesh   Ltd. Corporation,No,Yes,Yes,Rio Isla,Oceanus,0,30,0
Madhya Pradesh   Ltd. Liability Co Freight ,No,Yes,No,Marebak,NA,0,886,0
Madhya Pradesh  Market GmbH Salt spray,No,No,No,Marebak,NA,0,21,0
Madhya Pradesh  Market Inc,No,No,Yes,Marebak,NA,0,69,0
Madhya Pradesh  Market LLC,No,Yes,Yes,Merigrad,Oceanus,0,6666,0
Madhya Pradesh  Market Pic Transportation,No,No,No,Helvoris,Oceanus,0,46,0
Maghreb   Company Marine conservation,No,No,No,Puerto del Mar,Oceanus,0,26,0
Maharashtra   Ltd. Liability Co,No,Yes,No,Marebak,Oceanus,0,633,0
Maharashtra Sea  AS Seagrass,No,No,No,Marebak,NA,0,78,0
Maharashtra Sea  Cruise ship BV Transportation,No,No,No,Puerto del Mar,Sol y Oceana,0,81,0
Maharashtra Sea  Ltd. Corporation,No,No,No,Vesperanda,Oceanus,0,24,0
Makumba Ltd. Liability Co,No,No,No,Utoporiana,Riodelsol,0,61,0
Malabar Sea Catch Cruise ship,No,No,No,Merigrad,NA,0,22,0
Malabar Sea Catch Limited Liability Company Distribution,No,Yes,No,Solovarossa,Utoporiana,0,72,0
Manipur   S.A. de C.V.,No,Yes,No,Marebak,Oceanus,0,65,0
Manipur   S.A. de C.V. Carriers,No,No,Yes,Puerto del Mar,Oceanus,0,81,0
Manipur  Market Corporation Cargo,No,Yes,Yes,Vesperanda,Oceanus,0,5150,0
Manipur  Market LLC Marine,No,No,No,Orvietea,Oceanus,0,27,0
Manipur  Market Ltd. Liability Co,No,No,No,Isliandor,Oceanus,0,872,0
Manipur  Market Ltd. Liability Co Transport,No,No,No,Marebak,Marebak,0,205,0
Manipur  Market S.A. de C.V. Express,No,No,No,Marebak,NA,0,50,0
Manipur  Market and Kga Transit,No,No,Yes,Isla Solmar,Rio Isla,0,59,0
Mar de Coral ОАО,No,Yes,No,Faraluna,Oceanus,0,65,0
Mar de Cristal Co Transport,No,No,No,Thessalandia,Oceanus,0,147,0
Mar de Cristal Incorporated Transport,No,No,No,Marebak,Marebak,0,31,0
Mar de Cristalino A/S Freight ,No,Yes,Yes,Marebak,NA,0,243,0
Mar de Cristalino Incorporated,No,No,No,Merigrad,Oceanus,0,76,0
Mar de Cristalino Marine,No,No,No,Ariuzima,NA,0,67,0
Mar de Estrellas Enterprises Oceanfront,No,No,No,Kondanovia,Oceanus,0,77,0
Mar de Estrellas Inc,No,No,No,Sol y Oceana,Oceanus,0,272,0
Mar de Estrellas Limited Liability Company,No,No,No,Kondanovia,Coralmarica,0,81,0
Mar de Plata CJSC,No,No,No,Coral Solis,Oceanus,0,120,0
Mar de Plata GmbH Express,No,No,No,Valtalmo,Oceanus,0,40,0
Mar de Sirenas Inc,No,No,No,Marebak,Oceanus,0,31,0
Mar de Sirenas Manatee,No,No,No,Arreciviento,NA,0,25,0
Mar de Sirenas SRL Worldwide,No,Yes,No,Icarnia,Icarnia,0,288,0
Mar de la Aventura Rybachit,No,No,Yes,Osterivaria,NA,0,99,0
Mar de la Costa Import Shark,No,No,No,Merigrad,Oceanus,0,294,0
Mar de la Costa Pic,No,No,No,Marebak,Oceanus,87,233,0
Mar de la Costa Sagl,No,Yes,Yes,Arreciviento,NA,0,1193,0
Mar de la Felicidad BV,No,Yes,No,Mawazam,NA,0,209,0
Mar de la Felicidad Co,No,No,No,Lumakari,Oceanus,0,45,0
Mar de la Felicidad Corporation,No,No,Yes,Marebak,Oceanus,0,2899,0
Mar de la Felicidad Ltd. Liability Co Worldwide,No,No,No,Korvelia,NA,0,30,0
Mar de la Felicidad Pic,No,No,No,Kondanovia,Oceanus,0,22,0
Mar de la Luna AG Line,No,No,No,Marebak,Oceanus,0,23,0
Mar de la Luna S.p.A.,No,Yes,Yes,Vesperanda,Oceanus,0,564,0
Mar de la Luna Sp,No,No,No,Sol y Oceana,Oceanus,0,463,0
Mar de la Luz AS,No,Yes,No,Marebak,NA,0,703,0
Mar de la Luz BV,No,No,No,Marebak,NA,0,106,0
Mar de la Luz Incorporated,No,No,No,Marebak,NA,0,99,0
Mar de la Luz Ltd. Liability Co,No,No,Yes,Vesperanda,NA,0,854,0
Mar de la Luz Ltd. Liability Co Services,No,No,No,Marebak,NA,0,32,0
Mar de la Luz Salmon,No,Yes,Yes,Marebak,Marebak,0,370,0
Mar de la Vida AG,No,No,No,Rio Isla,Oceanus,0,191,0
Mar de la Vida Inc,No,No,Yes,Puerto del Mar,NA,0,150,0
Mar de la Vida S.p.A.,No,Yes,No,Vesperanda,NA,0,3447,0
Mar del Caribe AB,No,No,No,Sirenareef,Oceanus,0,35,0
Mar del Caribe Harbor,No,No,No,Vesperanda,NA,0,101,0
Mar del Caribe LLC,No,No,No,Marebak,Oceanus,0,423,0
Mar del Caribe Ltd. Corporation,No,No,No,Marebak,Oceanus,0,31,0
Mar del Caribe Sp,No,No,No,Nalakond,Oceanus,0,235,0
Mar del Caribe Transport,No,No,No,Vesperanda,Oceanus,0,25,0
Mar del Este & Son's,No,No,No,Marebak,Oceanus,0,207,0
Mar del Este AB,No,No,Yes,Coralmarica,Coralmarica,0,42,0
Mar del Este Brine SRL Investment,No,Yes,Yes,Coralmarica,Oceanus,0,582,0
Mar del Este Inc,No,No,No,Anderia del Mar,Oceanus,0,52,0
Mar del Este Inc Consulting,No,No,No,Marebak,NA,0,22,0
Mar del Este Pic,No,Yes,No,Merigrad,NA,0,42,0
Mar del Este SRL,No,Yes,No,Mawazam,Oceanus,0,359,0
Mar del Golfo Limited Liability Company,No,No,No,Faraluna,Oceanus,0,151,0
Mar del Golfo Ltd. Liability Co Lighthouse,No,No,No,Osterivaria,Icarnia,0,27,0
Mar del Golfo Marine biology ОАО Freight ,No,No,Yes,Marebak,NA,0,368,0
Mar del Golfo Mudflat,No,No,No,Osterivaria,NA,0,33,0
Mar del Golfo SE,No,No,No,Alverossia,Sol y Oceana,0,92,0
Mar del Golfo Sp,No,No,Yes,Oceanus,Oceanus,0,246,0
Mar del Norte BV,No,No,No,Osterivaria,Oceanus,0,36,0
Mar del Norte Corp Express,No,No,No,Marebak,Osterivella,0,434,0
Mar del Norte Ltd,No,No,No,Faraluna,Oceanus,0,50,0
Mar del Norte OJSC,No,No,Yes,Coralmarica,Oceanus,0,396,0
Mar del Norte United,No,Yes,Yes,Zawalinda,Oceanus,0,1270,0
Mar del Oeste -,No,No,Yes,Zawalinda,Oceanus,0,43,0
Mar del Oeste Corporation,No,No,No,Playa Solis,Oceanus,0,32,0
Mar del Oeste Cruise ship,No,Yes,No,Arreciviento,NA,0,1543,0
Mar del Oeste LLC Marine,No,No,Yes,Merigrad,NA,0,61,0
Mar del Oeste Pic,No,No,No,Coralmarica,Oceanus,0,25,0
Mar del Oeste S.p.A.,No,Yes,Yes,Alverossia,Oceanus,0,43,0
Mar del Oeste S.p.A. United,No,Yes,Yes,Marebak,Oceanus,0,299,0
Mar del Oeste SRL,No,No,No,Vesperanda,Oceanus,0,26,0
Mar del Paraíso AS,No,No,No,Thessalandia,Uzilandor,0,168,0
Mar del Paraíso Corporation,No,No,No,Mawazam,Oceanus,0,216,0
Mar del Paraíso NV Worldwide,No,No,Yes,Polarisdom,Oceanus,0,130,0
Mar del Paraíso Shipyard,No,No,No,Marebak,Marebak,0,60,0
Mar del Placer CJSC Transport,No,Yes,No,Osterivaria,Oceanus,0,344,0
Mar del Placer N.V. Laksa,No,No,No,Faraluna,Oceanus,0,167,0
Mar del Placer Sagl Solutions,No,No,No,Marebak,NA,0,170,0
Mar y Luna Barracuda OJSC Industrial,No,No,No,Marebak,NA,0,46,0
Mar y Luna Kga,No,No,No,Marebak,Marebak,0,25,0
Mar y Luna Ltd. Liability Co Enterprises,No,Yes,Yes,Puerto del Mar,Oceanus,0,305,0
Mar y Luna Wakame,No,No,No,Vesperanda,Oceanus,58,142,1
Mar y Viento Corp,No,No,No,Oceanus,NA,0,93,0
Marine Adventures Corp Brothers,No,Yes,No,Ariuzima,Oceanus,0,114,0
Marine Adventures Ltd. Corporation Brothers,No,No,No,Alverossia,Oceanus,0,326,0
Marine Adventures Seabreeze AS Forwading,No,No,No,Osterivella,NA,0,21,0
Marine Magic Herring Incorporated Transit,No,No,No,Marebak,NA,0,29,0
Marine Masterminds Kga Line,No,Yes,No,Marebak,Marebak,0,925,0
Marine Masterminds SE Saltwater,No,Yes,No,Vesperanda,Oceanus,0,1233,0
Marine Mates Pic Delivery,No,No,No,Marebak,NA,0,201,0
Marine Mavericks CJSC Barracuda,No,No,No,Marebak,Oceanus,0,61,0
Marine Mavericks Marine biology,No,No,No,Islavaria,Oceanus,0,23,0
Marine Mermaids Inc Marine conservation,No,No,No,Marebak,Oceanus,0,906,0
Marine Mermaids Incorporated Services,No,No,No,Marebak,Oceanus,0,166,0
Marine Muse Ltd. Corporation Catfish,No,Yes,No,Osterivaria,Oceanus,0,1249,0
Marit GmbH & Co. KG,No,Yes,No,Vesperanda,NA,0,941,0
Marlin Masters GmbH Industrial,No,No,Yes,Marebak,NA,0,57,0
Marmooska Ltd. Liability Co,No,No,No,Vesperanda,Oceanus,0,337,0
Matshakala Ltd. Liability Co,No,No,No,Rio Isla,NA,0,33,0
Matthew Oyj Marine sanctuary,No,No,No,Marebak,NA,0,291,0
Mediterranean s S.p.A. Shipping,No,No,No,Korvelonia,NA,0,34,0
Meghalaya  LLC Marine biology,No,No,No,Coralmarica,Coralmarica,0,34,0
Meghalaya  S.A. de C.V.,No,Yes,Yes,Merigrad,Oceanus,0,247,0
Melanippe GmbH & Co. KG,No,No,No,Puerto del Mar,NA,0,30,0
Meris Bonito NV Express,No,No,Yes,Coral Solis,Coral Solis,0,209,0
Meris Cargo ship Ltd. Liability Co Cargo,No,No,No,Osterivella,NA,0,36,0
Meris Current Corp Transportation,No,No,No,Solovarossa,Coralmarica,0,29,0
Meris Ltd. Liability Co Worldwide,No,No,No,Arvaros,Arvaros,0,22,0
Michael Ltd. Corporation Seal,No,Yes,No,Mawazam,NA,0,2011,0
Mizoram  S.A. de C.V.,No,No,No,Marebak,NA,0,2362,0
Monarch Tsunami Ltd. Corporation Merchants,No,Yes,No,Marebak,NA,0,323,0
Mount Kenya  Charter Boat  S.A. de C.V. Industrial,No,No,Yes,Kondanovia,Coralmarica,0,166,0
Mount Kenya  Company Marine,No,No,Yes,Nalakond,Oceanus,0,35,0
Mount Kenya  GmbH & Co. KG,No,No,No,Marebak,Sirenareef,0,487,0
Nagaland   Sagl Marine sanctuary,No,No,No,Coralada,Oceanus,0,51,0
Nagaland Sea  Corp Freight ,No,No,No,Marebak,NA,0,94,0
Nagaland Sea  Ltd. Corporation &,No,No,No,Merigrad,NA,0,77,0
Nagaland Sea  N.V. Transit,No,No,Yes,Zawalinda,Oceanus,0,171,0
Nagaland Sea  OJSC United,No,No,No,Merigrad,Oceanus,0,631,0
Nagaland Sea Catch Corp,No,No,No,Merigrad,Oceanus,0,248,0
Nagaland Sea Catch GmbH,No,No,Yes,Marebak,NA,0,399,0
Nagaland Sea Catch LLC Shipping,No,No,No,Zawalinda,Oceanus,0,218,0
Nagaland Sea Catch Ltd. Liability Co,No,No,No,Marebak,Marebak,0,61,0
Nagaland Sea Catch Ltd. Liability Co Logistics,No,Yes,No,Marebak,NA,0,2497,0
Nagaland Sea Catch Shoal,No,No,No,Marebak,NA,0,37,0
Namib Desert  LC Delivery,No,No,No,Marebak,NA,0,108,0
Namib Desert  Tidal flat GmbH Logistics,No,No,No,Merigrad,Sol y Oceana,0,81,0
Nautical Navigators Fish  Incorporated Line,No,No,No,Sol y Oceana,Nalakond,0,27,0
Nautical Navigators Ges.m.b.H. Distribution,No,No,No,Alverossia,NA,0,52,0
Nazhivka Aqua Ltd. Corporation Express,No,No,No,Marebak,NA,0,202,0
Nazhivka Oyj Marine ecology,No,No,No,Arvaros,Oceanus,0,56,0
Neptune's Harvest A/S Import,No,No,No,Marebak,NA,0,54,0
Neptune's Harvest Kga Overseas,No,No,No,Merigrad,NA,0,174,0
Neptune's Kingdom Coral Reef AB Consulting,No,No,Yes,Zawalinda,Oceanus,0,39,0
Neptune's Realm NV Navigation,No,Yes,No,Mawazam,Oceanus,0,1624,0
Neptune's Realm S.A. de C.V.,No,No,No,Marebak,Oceanus,0,164,0
Niger Bend   S.A. de C.V. Holdings,No,No,No,Merigrad,Oceanus,0,108,0
Niger Bend   Sagl Transit,No,No,Yes,Coral Solis,Oceanus,24,285,2
Niger Delta   AS Express,No,No,No,Alverossia,Oceanus,0,24,0
Niger Delta   Company Transport,No,No,Yes,Oceanus,Oceanus,0,26,0
Niger River   Leska N.V. Delivery,No,No,No,Anderia del Mar,Oceanus,0,155,0
Niger River Delta  America Limited Liability Company Delivery,No,No,No,Marebak,NA,0,40,0
Niger River Delta  Oyj Abalone,No,Yes,No,Oceanus,Oceanus,0,24,0
Niger River Delta  Transport,No,No,No,Marebak,NA,0,24,0
Nile   Ltd. Liability Co,No,No,No,Marebak,Oceanus,0,63,0
Nile   Ltd. Liability Co Brothers,No,No,No,Merigrad,Oceanus,0,128,0
Nile Crocodile  BV Marine life,No,No,No,Kondarivakia,Oceanus,0,102,0
Noord Limited Liability Company Line,No,No,Yes,Isliandor,NA,0,278,0
North Atlantic  Merchants &,No,Yes,No,Nalakond,Oceanus,0,98,0
North Limited Liability Company,No,No,No,Marebak,NA,0,63,0
Norwegian Haddock Limited Liability Company,No,No,No,Marebak,Oceanus,0,161,0
Norwegian Haddock Ltd. Corporation Logistics,No,Yes,No,Vesperanda,NA,0,585,0
Norwegian Haddock S.A. de C.V.,No,Yes,Yes,Marebak,NA,0,705,0
Norwegian King Crab Dockyard,No,No,Yes,Zawalinda,NA,0,292,0
Norwegian King Crab GmbH,No,No,No,Kondanovia,Coralmarica,0,48,0
Norwegian Shrimp BV Express,No,No,Yes,Kondanovia,Oceanus,0,45,0
Norwegian Shrimp Ltd. Corporation,No,No,No,Korvelia,NA,0,39,0
Náutica del Este OJSC,No,No,Yes,Marebak,Marebak,0,87,0
Náutica del Mar Barracuda,No,Yes,No,Islavaria,Oceanus,0,2005,0
Náutica del Mar Freight ,No,No,No,Marebak,Oceanus,0,649,0
Náutica del Mar GmbH & Co. KG,No,No,No,Marebak,NA,0,203,0
Náutica del Mar Ltd. Liability Co,No,No,No,Merigrad,NA,0,230,0
Náutica del Mar Sagl,No,Yes,Yes,Zawalinda,Oceanus,0,637,0
Náutica del Norte Ltd. Liability Co Marine biology,No,No,Yes,Merigrad,NA,0,152,0
Náutica del Norte Marina CJSC Marine ecology,No,No,No,Arreciviento,Oceanus,0,241,0
Náutica del Sol Brothers,No,Yes,No,Mawazam,Mawazam,0,453,0
Náutica del Sol Ges.m.b.H.,No,No,No,Puerto Sol,Puerto Sol,0,25,0
Náutica del Sol Port Ltd. Corporation Marine,No,No,Yes,Korvelia,Oceanus,0,59,0
Náutica del Sol S.p.A.,No,No,Yes,Thessalandia,Lumakari,0,23,0
Náutica del Sol SE,No,No,Yes,Rio Isla,Maripuerto,29,41,1
OOO Snapper Sp Holdings,No,No,No,Merigrad,Oceanus,0,24,0
Ob River AS Consulting,No,No,No,Vesperanda,NA,0,348,0
Ob River LLC and Son's,No,No,No,Vesperanda,Oceanus,0,115,0
Ob River Ltd. Liability Co,No,No,Yes,Arreciviento,Lumaland,0,142,0
Ob River Surfboard AG Marine conservation,No,No,No,Kondanovia,Oceanus,0,236,0
Ocean Emporium A/S &,No,No,No,Merigrad,Oceanus,0,213,0
Ocean Emporium Pic Holdings,No,Yes,No,Vesperanda,Oceanus,0,1165,0
Ocean Explorers Corporation Marine,No,Yes,No,Marebak,NA,0,39,0
Ocean Explorers GmbH & Co. KG Cargo,No,No,No,Marebak,NA,0,127,0
Ocean Oasis Ges.m.b.H. Shipping,No,No,No,Brindisola,Kondanovia,0,244,0
Ocean Oasis S.A. de C.V. Transport,No,No,No,Thessalandia,Oceanus,0,29,0
Ocean Outfitters Ltd. Corporation,No,No,No,Mawazam,Oceanus,0,369,0
Ocean Outlaws Seafarer Sp Shipping,No,No,No,Osterivaria,NA,0,43,0
Ocean Outlaws Submarine CJSC Transportation,No,No,No,Vesperanda,Oceanus,0,81,0
OceanFront Delights NV Import,No,No,No,Marebak,NA,0,102,0
OceanFront Delights Sagl Enterprises,No,No,No,Zawalinda,Oceanus,0,38,0
OceanKing s SE _,No,Yes,No,Zawalinda,Oceanus,0,514,0
OceanKing s ship Pic Logistics,No,Yes,No,Coral Solis,NA,0,651,0
OceanSavor Ltd. Liability Co Transport,No,No,No,Marebak,NA,0,62,0
OceanSavor Surf Limited Liability Company Logistics,No,Yes,Yes,Marebak,NA,0,2456,0
Oceanfront Oases Co Shipping,No,Yes,No,Vesperanda,NA,0,1973,0
Oceanfront Oasis Company Green ,No,Yes,No,Mawazam,Oceanus,0,1034,0
Oceanfront Oasis Limited Liability Company Saltwater,No,No,No,Nalakond,Oceanus,0,363,0
Oceanic Blue Plc Holdings,No,No,No,Merigrad,Marebak,0,66,0
Oceanic Oasis OJSC Consultants,No,No,Yes,Coralmarica,Kuzalanda,0,58,0
Oceanic Oceans OJSC Forwading,No,No,Yes,Marebak,NA,0,284,0
Oceanic Oceans SE Worldwide,No,No,No,Osterivaria,Oceanus,0,60,0
Oceanic Outfitters Estuary LC Worldwide,No,No,No,Thessalandia,Oceanus,0,21,0
Oceanic Outfitters SE Submarine,No,Yes,No,Mawazam,Oceanus,0,206,0
OceanicDelights Limited Liability Company,No,No,No,Marebak,NA,0,140,0
OceanicDelights Limited Liability Company Shipping,No,No,No,Brindisola,NA,0,26,0
Océano Azul AG Line,No,No,No,Arreciviento,Alverossia,0,56,0
Océano Azul Incorporated Express,No,No,No,Kondanovia,Polarisdom,0,220,0
Océano de Coral Corporation Marine conservation,Yes,Yes,Yes,Marebak,Oceanus,1098,362,55.5
Océano de Coral NV and Son's,No,Yes,No,Arreciviento,Coralmarica,0,374,0
Océano del Este Abalone,No,No,No,Oceanus,Marebak,0,64,0
Océano del Este Co,No,No,No,Marebak,Coralmarica,0,26,0
Océano del Este Plc,No,Yes,No,Marebak,Isla Solmar,0,137,0
Océano del Este ОАО,No,No,No,Solovarossa,Luminkind,25,187,1
Odisha  S.A. de C.V.,No,No,No,Marebak,Oceanus,0,22,0
Odisha Sea  Creek Incorporated Carriers,No,No,No,Alverossia,Oceanus,0,137,0
Okavango Delta  Coast OJSC Marine,No,Yes,No,Marebak,Oceanus,0,656,0
Okavango Delta  Pic Family,No,No,Yes,Puerto Sol,Puerto Sol,0,70,0
Ola Azul Ges.m.b.H. Services,No,Yes,No,Mawandia,Oceanus,0,176,0
Ola Azul SRL United,No,Yes,No,Marebak,NA,0,329,0
Ola de la Costa AS,No,No,No,Nalakond,Sol y Oceana,0,81,0
Ola de la Costa Ges.m.b.H.,No,Yes,No,Merigrad,NA,0,470,0
Ola de la Costa Inc,No,Yes,No,Marebak,Brindisola,0,574,0
Ola de la Costa N.V.,No,No,No,Marebak,NA,0,137,0
Ola de la Costa SE Forwading,No,No,No,Zawalinda,Oceanus,0,59,0
Ola del Este Inc,No,Yes,No,Osterivaria,Sol y Oceana,0,48,0
Ola del Este Ltd. Corporation,No,No,No,Merigrad,Oceanus,0,170,0
Ola del Este S.p.A. Express,No,No,No,Isliandor,NA,0,60,0
Ola del Este Saltwater,No,No,No,Osterivaria,Oceanus,0,22,0
Ola del Mar Brothers,No,No,No,Arreciviento,NA,0,146,0
Ola del Mar Current Corporation Marine,No,No,No,Alverossia,Oceanus,0,62,0
Ola del Mar SRL,No,No,No,Zawalinda,Sol y Oceana,63,67,2
Olas del Mar Inc International,No,No,Yes,Mawazam,Oceanus,0,93,0
Olas del Mar Ltd,No,No,Yes,Rio Isla,Coralmarica,0,396,0
Olas del Sur Corp,No,No,No,Marebak,Oceanus,0,25,0
Olas del Sur Ltd,Yes,Yes,Yes,Faraluna,Oceanus,9352,58,88
Orange River   AS Seagull,No,No,Yes,Thessalandia,Oceanus,0,35,0
Orange River Mouth   Co Transport,No,No,No,Sol y Oceana,Lumaland,0,28,0
Orange River Mouth   Inc Shipping,No,No,No,Osterivaria,NA,0,130,0
Orange River Mouth   OJSC Shipping,No,No,No,Puerto del Mar,NA,0,222,0
Orange River Mouth   S.A. de C.V. Barge,No,No,No,Puerto del Mar,Sol y Oceana,0,28,0
Oranjestad Limited Liability Company,No,No,No,Thessalandia,Alverossia,0,41,0
Orrs GmbH & Co. KG Transport,No,No,No,Faraluna,Faraluna,0,420,0
Orrs Limited Liability Company,No,No,No,Vientoro,NA,0,33,0
Pao gan BV Transportation,No,No,No,Morolaria,Oceanus,0,84,0
Paradera GmbH & Co. KG,No,No,Yes,Kondanovia,Oceanus,0,22,0
Paradera S.A. de C.V.,No,Yes,No,Merigrad,NA,0,2078,0
Paul Ltd. Liability Co,No,No,No,Marebak,Oceanus,0,53,0
Perla del Mar BV,No,Yes,No,Arreciviento,Puerto Sol,0,941,0
Perla del Mar Deep-sea,No,Yes,No,Osterivaria,Oceanus,0,2481,0
Playa Azul Sp Shipping,No,Yes,No,Arreciviento,Oceanus,0,203,0
Playa Blanca Limited Liability Company,No,No,No,Coralmarica,NA,0,68,0
Playa de Arena Current,No,No,No,Islavaria,Oceanus,0,34,0
Playa de Arena Ltd. Corporation Carriers,No,Yes,No,Arreciviento,NA,0,168,0
Playa de Arena NV,No,No,Yes,Vesperanda,Oceanus,0,30,0
Playa de Arena OJSC Express,No,Yes,No,Vesperanda,Oceanus,0,4525,0
Playa de Arena SE Underwater,No,No,No,Oceanus,Oceanus,78,22,2
Playa de Arena SRL,No,No,No,Isliandor,Oceanus,0,1508,0
Playa de Arena Sagl,No,No,No,Vesperanda,Oceanus,0,228,0
Playa de Arena Submarine S.A. de C.V. Marine,No,Yes,Yes,Vesperanda,Oceanus,356,157,12
Playa de Coral Distribution Marine sanctuary,No,Yes,No,Osterivaria,Oceanus,0,129,0
Playa de Coral Limited Liability Company Express,No,No,Yes,Marebak,NA,0,88,0
Playa de Oro BV,No,No,Yes,Marebak,Oceanus,0,426,0
Playa de Oro OJSC,No,No,No,Osterivaria,Oceanus,0,26,0
Playa de Oro Sashimi,No,No,No,Merigrad,Nalakond,0,55,0
Playa de la Felicidad Forwading Salmon,No,No,No,Marebak,NA,0,88,0
Playa de la Felicidad LC,No,Yes,Yes,Riodelsol,Oceanus,0,45,0
Playa de la Felicidad Ltd Consultants,No,No,No,Marebak,Marebak,30,338,14
Playa de la Felicidad Plc,No,No,No,Islavaria,Oceanus,49,237,6
Playa de la Luna & Son's,No,No,No,Islavaria,Oceanus,0,86,0
Playa de la Luna S.p.A.,No,No,No,Brindisola,Coralmarica,0,155,0
Playa del Cielo AB Solutions,No,No,Yes,Rio Isla,Oceanus,0,325,0
Playa del Cielo AG Delivery,No,No,No,Anderia del Mar,NA,0,409,0
Playa del Cielo CJSC,No,No,No,Puerto del Mar,Oceanus,0,29,0
Playa del Cielo Corp Logistics,No,No,No,Marebak,NA,0,784,0
Playa del Cielo Ges.m.b.H.,No,No,Yes,Riodelsol,Oceanus,0,122,0
Playa del Cielo Ltd. Corporation,No,No,No,Lumindoria,Oceanus,0,61,0
Playa del Cielo ОАО,No,No,No,Marebak,Marebak,0,357,0
Playa del Mar BV Solutions,No,No,No,Merigrad,Oceanus,0,181,0
Playa del Mar Company,No,Yes,No,Marebak,NA,0,29,0
Playa del Mar Corporation,No,Yes,No,Vesperanda,Coralmarica,0,2879,0
Playa del Mar Kga & Son's,No,No,No,Islavaria,NA,0,195,0
Playa del Mar Limited Liability Company Marine conservation,No,No,No,Merigrad,NA,0,23,0
Playa del Mar Ltd,No,No,No,Osterivaria,Oceanus,0,55,0
Playa del Mar Sagl,No,No,No,Rio Isla,Oceanus,0,25,0
Playa del Sol Company Delivery,No,No,No,Zawalinda,Sol y Oceana,0,32,0
Playa del Sol Incorporated,No,No,No,Sol y Oceana,Oceanus,0,22,0
Playa del Tesoro Corporation,No,No,No,Osterivaria,NA,0,53,0
Playa del Tesoro Limited Liability Company,No,No,No,Solovarossa,Zaloria,0,32,0
Playa del Tesoro Plc Kelp,No,Yes,No,Merigrad,Coralmarica,0,39,0
Playa del Tesoro S.p.A. Enterprises,No,No,Yes,Mawazam,NA,0,26,0
Portuguese Octopus Whale Inc Transport,No,No,No,Mawazam,Coralmarica,0,56,0
Portuguese Sardines AB Marine sanctuary,No,No,No,Marebak,NA,0,22,0
Portuguese Sardines International -,No,No,No,Marebak,NA,0,123,0
Portuguese Sea Bass - N.V. Express,No,No,No,Merigrad,NA,0,112,0
Portuguese Sea Bass AS Marine,No,No,No,Marebak,NA,0,25,0
Portuguese Sea Bass Canal,No,No,Yes,Utoporiana,Oceanus,0,52,0
Portuguese Sea Bass Ltd. Liability Co,No,No,Yes,Faraluna,Oceanus,0,507,0
Portuguese Tuna A/S Cargo,No,Yes,No,Vesperanda,Oceanus,109,34,2
Portuguese Tuna Bonito Kga Consultants,No,No,No,Kondanovia,Oceanus,0,117,0
Poseidon Tanker Inc Marine sanctuary,No,No,No,Syrithania,Oceanus,0,88,0
Poseidon Wave S.p.A. Shipping,No,No,Yes,Zawalinda,NA,0,62,0
Pradesh   Hull S.A. de C.V. Transit,No,No,No,Coral Solis,Oceanus,0,35,0
Pradesh   S.A. de C.V.,No,No,No,Arreciviento,Coralmarica,0,91,0
Punjab  Market LC Worldwide,No,No,No,Thessalandia,Oceanus,0,1000,0
Punjab  Market Limited Liability Company,No,No,No,Merigrad,Oceanus,0,68,0
Punjab  Market Ltd. Liability Co Brothers,No,No,No,Ariuzima,Oceanus,0,201,0
Punjab  Market S.A. de C.V. Investment,No,No,No,Marebak,NA,0,215,0
Punjab Sea  CJSC Marine conservation,No,No,No,Osterivaria,NA,0,75,0
Punjab Sea  Ltd. Corporation Marine conservation,No,Yes,No,Marebak,Marebak,0,331,0
Rajasthan  GmbH & Co. KG,No,No,No,Sol y Oceana,Sol y Oceana,0,22,0
Rajasthan  Ltd. Liability Co,No,No,Yes,Nalakond,Oceanus,0,21,0
Rajasthan  Marine sanctuary Underwater,No,Yes,Yes,Oceanus,Oceanus,0,905,0
Rajasthan  Seabass GmbH & Co. KG Cargo,No,No,Yes,Zawalinda,Valtalmo,0,169,0
Reef Rascals Ltd. Corporation Cargo,No,No,No,Vesperanda,NA,0,46,0
ReefR estaurant Oyj International,No,Yes,Yes,Coralada,Coralada,0,425,0
ReefR estaurant Pic Marine sanctuary,No,No,No,Marebak,Oceanus,0,116,0
ReefRider Foods AB Logistics,No,No,No,Marebak,Marebak,0,94,0
ReefRider Foods S.p.A. Cargo,No,No,No,Merigrad,NA,0,187,0
Richard S.A. de C.V. Solutions,No,Yes,Yes,Arreciviento,Oceanus,0,589,0
Rift Valley fishery Corp,No,No,No,Coralmarica,Coraland,0,28,0
Rift Valley fishery GmbH & Co. KG Cargo,No,No,No,Merigrad,Oceanus,0,189,0
Rift Valley fishery LC,No,No,No,Merigrad,Oceanus,0,29,0
Rift Valley fishery LLC,No,Yes,Yes,Isliandor,Oceanus,0,407,0
Rift Valley fishery Marine biology,No,Yes,Yes,Coralmarica,Oceanus,0,882,0
Rift Valley fishery OJSC,No,Yes,No,Marebak,NA,0,168,0
Rift Valley fishery Sagl,No,Yes,Yes,Osterivaria,Oceanus,0,1399,0
River Gambia  Company Services,No,No,No,Mawandia,Sol y Oceana,0,58,0
Romero Aquatic GmbH & Co. KG Overseas,No,No,No,Oceanus,NA,0,26,0
Romero Limited Liability Company Marine,No,No,No,Solovarossa,Coralmarica,0,43,0
Romero Ltd and Son's,No,No,Yes,Coralada,Oceanus,0,25,0
Ronan A/S Marine sanctuary,No,Yes,Yes,Coral Solis,Kondanovia,0,223,0
Ronan Ltd. Liability Co,No,No,No,Korvelia,Oceanus,0,46,0
Rufiji River  Ges.m.b.H. Family,No,Yes,No,Vesperanda,Oceanus,0,650,0
Rufiji River  LLC Logistics,No,No,No,Osterivaria,NA,0,38,0
Rybachit Limited Liability Company,No,No,No,Osterivaria,Oceanus,0,37,0
S.A. de C.V. CJSC,No,Yes,Yes,Marebak,NA,0,986,0
S.A. de C.V. Incorporated,No,No,No,Osterivaria,Osterivaria,0,79,0
Sahara  LLC BV Shipping,No,No,No,Thessalandia,Oceanus,0,72,0
Sahara  LLC Sagl Marine life,No,No,No,Marebak,NA,0,63,0
Saharan Coast  Trawler SE Marine sanctuary,No,Yes,Yes,Merigrad,Oceanus,0,919,0
Saharan Oasis  Limited Liability Company,No,No,No,Thessalandia,Oceanus,0,184,0
Saharan Oasis  Ltd. Liability Co,No,No,No,Merigrad,Oceanus,0,22,0
Sailors and Surfers & AG Shipping,No,No,No,Merigrad,Oceanus,0,52,0
Sailors and Surfers Ges.m.b.H. Services,No,No,Yes,Quornova,Oceanus,0,72,0
SaltSea & Inc Carriers,No,No,No,Oceanus,NA,0,268,0
SaltSea Corp and Son's,No,Yes,Yes,Marebak,Marebak,0,361,0
Saltwater Sanctuary Company Cargo,No,No,No,Marebak,NA,0,544,0
Saltwater Sanctuary Marine ecology,No,Yes,Yes,Isliandor,Oceanus,0,803,0
Saltwater Sanctuary ОАО Merchants,No,No,No,Merigrad,Oceanus,0,2789,0
Saltwater Sirens Coral Reef A/S Enterprises,No,No,Yes,Coralmarica,Oceanus,0,75,0
Saltwater Sirens Limited Liability Company Marine conservation,No,No,No,Mawazam,Oceanus,0,264,0
Saltwater Sirens Ltd. Liability Co Rybachit,No,No,Yes,Coralmarica,Oceanus,0,36,0
Saltwater Sirens S.p.A. International,No,Yes,Yes,Marebak,NA,0,2906,0
Saltwater Sisters Ltd. Corporation Shipping,No,Yes,No,Coralada,Oceanus,0,239,0
Saltwater Sizzle Sagl Transport,No,No,Yes,Sol y Oceana,NA,0,84,0
Saltwater Surf Club -,No,No,No,Arvaros,Oceanus,0,41,0
Saltwater Surf Club S.A. de C.V. Logistics,No,No,Yes,Zawalinda,NA,0,61,0
SaltwaterSatisfactions S.A. de C.V.,No,No,No,Marebak,Marebak,0,157,0
SaltwaterSavor Limited Liability Company,No,No,No,Gavanovia,Oceanus,0,23,0
SaltwaterSnacks S.A. de C.V. and Son's,No,No,No,Lumakari,Oceanus,0,70,0
Samaka Chart ОАО Delivery,No,No,Yes,Nalakond,Oceanus,0,139,0
Samaka Ltd. Liability Co Distribution,No,Yes,Yes,Arreciviento,Oceanus,0,441,0
Sander Ltd. Corporation Leska,No,No,No,Zawalinda,Riodelsol,0,478,0
Savaneta Otter GmbH Investment,No,No,Yes,Nalakond,Helvoris,0,22,0
Scania Whale N.V. Logistics,No,Yes,No,Puerto del Mar,NA,0,364,0
Scottish Herring Ltd. Liability Co,No,No,No,Merigrad,Maripuerto,29,37,1
Scottish Lobster AG Transit,No,No,No,Calabrand,Sol y Oceana,0,177,0
Scottish Lobster BV Carriers,No,No,No,Riodelsol,Oceanus,0,531,0
Scottish Lobster Cruise ship SRL Transport,No,Yes,Yes,Marebak,Marebak,0,851,0
Scottish Lobster Ltd. Corporation,No,No,No,Mawazam,Oceanus,31,72,1
Scottish Oysters Consulting Leska,No,No,No,Zawalinda,Sol y Oceana,0,273,0
Scottish Oysters Import Buoy,No,No,No,Merigrad,Oceanus,0,30,0
Sea Breeze Aquatic Ltd. Liability Co Solutions,No,No,No,Faraluna,NA,0,24,0
Sea Breezes AB United,No,No,No,Marebak,NA,0,141,0
Sea Breezes S.A. de C.V. Freight ,No,Yes,No,Isliandor,Coralmarica,0,23995,0
Sea Harvest Aquatic GmbH Marine sanctuary,No,No,Yes,Rio Isla,Rio Isla,0,48,0
Sea Harvest Marine life,No,No,No,Isliandor,Oceanus,0,125,0
Sea Seekers Marine sanctuary,No,No,No,Merigrad,Oceanus,0,474,0
Sea Spray AS Cargo,No,Yes,Yes,Zawalinda,Oceanus,0,369,0
Sea Spray Plc Carriers,No,No,No,Marebak,NA,0,22,0
Sea Star LLC Shipping,No,Yes,Yes,Zimawand,Sol y Oceana,0,1614,0
Sea Star Marine life,No,No,No,Marebak,NA,0,26,0
Sea Striders Co Krill,No,Yes,No,Marebak,NA,0,33,0
Sea Striders Kelp BV Solutions,No,Yes,Yes,Puerto del Mar,Puerto del Mar,0,726,0
Sea Striders NV Marine sanctuary,No,No,No,Rio Isla,Oceanus,0,41,0
Sea Striders ОАО Industrial,No,No,No,Marebak,Oceanus,0,178,0
SeaBass  Lighthouse AG Express,No,No,No,Thessalandia,Thessalandia,0,127,0
SeaBass  Ltd. Liability Co Consulting,No,Yes,No,Mawandia,Oceanus,0,448,0
SeaBass &  LLC Solutions,No,No,No,Marebak,NA,0,26,0
SeaBass &  SE Tanker,Yes,Yes,No,Arreciviento,Oceanus,936,26,5
SeaBass Company Express Estuary,No,Yes,Yes,Zawalinda,Sol y Oceana,0,660,0
SeaBass Company GmbH & Co. KG,No,No,No,Merigrad,Oceanus,0,50,0
SeaFlavors Limited Liability Company Marine,No,Yes,No,Merigrad,Oceanus,0,94,0
SeaLion S.A. de C.V. Freight ,No,Yes,No,Alverossia,Oceanus,0,222,0
SeaSelect Foods Oyj Transport,No,Yes,No,Mawazam,Oceanus,0,310,0
SeaSelects Fish Ges.m.b.H. Carriers,No,No,Yes,Arreciviento,Sol y Oceana,0,71,0
SeaSolutions  Limited Liability Company,No,No,Yes,Brindisola,Brindisola,0,142,0
SeaSplash Navigation Ges.m.b.H. Shipping,No,No,No,Anderia del Mar,NA,0,193,0
SeaTree Barracuda LLC Shipping,No,No,No,Osterivaria,NA,0,24,0
SeaTree S.A. de C.V. Line,No,No,No,Coralmarica,Coralmarica,0,25,0
SeaTrek Ltd. Corporation Carriers,No,No,No,Marebak,NA,0,134,0
SeaTrekker Sagl Marine ecology,No,No,No,Merigrad,Islavaria,0,129,0
Seafarer's Club GmbH & Co. KG Overseas,No,No,No,Mawazam,Oceanus,0,176,0
Seafarer's Club S.A. de C.V. Transit,No,No,No,Marebak,NA,0,155,0
Seafarer's Club Tuna NV Shipping,No,Yes,No,Zawalinda,Sol y Oceana,0,307,0
Seafaring Souls AB Worldwide,No,No,No,Marebak,NA,0,112,0
Seafoam Kga Marine biology,No,No,No,Marebak,Kondanovia,0,517,0
Seashell Seekers GmbH & Co. KG Import,No,No,No,Merigrad,Oceanus,0,33,0
Seashell Seekers LLC Delivery,No,Yes,Yes,Marebak,NA,0,1574,0
Seashell Seekers Limited Liability Company Express,No,No,No,Oceanus,Oceanus,0,88,0
Seashell Seekers Ltd Distribution,No,Yes,Yes,Marebak,NA,0,1071,0
Seashell Seekers Sp Transit,No,No,No,Sol y Oceana,NA,0,26,0
Seashell s  Kga Merchants,No,Yes,No,Marebak,NA,0,848,0
Seashell s  LC Shipping,No,No,Yes,Nalakond,Oceanus,0,80,0
Seashore Sanctuary Marine life,No,Yes,No,Marebak,NA,0,164,0
Seaside Strolls A/S Marine ecology,No,Yes,No,Vesperanda,NA,0,447,0
Seaside Strolls Chart LC Delivery,No,Yes,Yes,Marebak,NA,0,221,0
Seaside Strolls Ltd Marine life,No,No,No,Rio Isla,Rio Isla,0,24,0
Seaside Summit CJSC Saltwater,No,No,No,Vesperanda,Oceanus,0,43,0
Selous Game Reserve  AB,No,Yes,No,Mawazam,Coralmarica,0,620,0
Selous Game Reserve  Limited Liability Company,No,No,No,Marebak,Coralmarica,0,21,0
Selous Game Reserve  Marine,No,No,No,Merigrad,Merigrad,0,21,0
Selous Game Reserve  S.A. de C.V.,Yes,Yes,Yes,Isliandor,Oceanus,8434,128,363
Selous Game Reserve  SE Solutions,No,No,Yes,Marebak,NA,0,170,0
Senegal Coast  AG Line,No,No,No,Marebak,Oceanus,0,590,0
Senegal Coast  S.p.A. International,No,Yes,Yes,Coralada,Nalakond,0,303,0
Senegal Coast  Whale Ges.m.b.H. Marine,No,Yes,No,Osterivaria,Oceanus,0,296,0
Senegal River  AS International,No,No,No,Marebak,NA,0,28,0
Shanxi Krill SRL Investment,No,No,No,Oceanus,Icarnia,0,56,0
Shanxi S.A. de C.V.,No,No,No,Alverossia,Oceanus,92,71,1
Shona S.A. de C.V.,No,No,No,Zawalinda,Valtalmo,0,165,0
Shou gan  AS Cargo,No,Yes,No,Marebak,Oceanus,0,431,0
Shou gan  Sagl Mudflat,Yes,Yes,No,Oceanus,Oceanus,2196,173,4
Shou gan  Tilapia Ges.m.b.H. Investment,No,No,No,Marebak,Isliandor,0,200,0
Sikkim  Market BV Industrial,No,No,No,Galduzim,NA,0,23,0
SilverScales CJSC and Son's,No,No,Yes,Marebak,Oceanus,0,48,0
SilverScales GmbH & Co. KG,No,Yes,Yes,Oceanus,Oceanus,0,235,0
SilverScales Sagl Marine conservation,No,No,No,Puerto del Mar,Oceanus,0,100,0
Simien Mountains   Company Fish,No,Yes,No,Sol y Oceana,Oceanus,0,106,0
Simien Mountains   GmbH Forwading,No,No,No,Sol y Oceana,Oceanus,0,67,0
Simien Mountains   Tom yum GmbH Family,No,No,Yes,Vesperanda,NA,0,32,0
Situhu Tsunami OJSC Marine,No,No,No,Merigrad,Oceanus,0,34,0
Skeleton Coast  OJSC Holdings,No,No,Yes,Faraluna,Oceanus,0,63,0
South Ltd. Liability Co,No,Yes,No,Arreciviento,Oceanus,0,626,0
South S.A. de C.V. & Son's,No,No,No,Mawazam,Coralmarica,0,40,0
Southeast Limited Liability Company,No,Yes,Yes,Marebak,NA,0,34,0
Southeast Limited Liability Company Line,No,No,No,Merigrad,Coralmarica,0,37,0
Spanish Anchovy CJSC Marine,No,Yes,Yes,Merigrad,Oceanus,130,292,4
Spanish Anchovy OJSC International,No,Yes,No,Osterivaria,NA,0,415,0
Spanish Anchovy Underwater Incorporated Family,No,No,Yes,Isliandor,Oceanus,0,1428,0
Spanish Mackerel Ltd. Liability Co Consultants,No,No,No,Calabrand,Oceanus,0,96,0
Spanish Mackerel S.A. de C.V.,No,No,No,Mango del Oro,Oceanus,0,23,0
Spanish Shrimp A/S Marine,No,Yes,No,Marebak,NA,0,2948,0
Spanish Shrimp Incorporated Carriers,No,Yes,No,Osterivaria,NA,0,590,0
Sparrmans  Inc Marine sanctuary,No,No,Yes,Marebak,NA,0,734,0
Starfish Tanker Inc Express,No,No,No,Vesperanda,NA,0,34,0
Sudd Swamp   GmbH & Co. KG & Son's,No,No,No,Merigrad,Oceanus,0,146,0
Sudd Swamp   Marine sanctuary AS Line,No,No,No,Kondanovia,Oceanus,0,32,0
Sudd Swamp   Pic Overseas,No,No,No,Arreciviento,Oceanus,0,30,0
Sudd Swamp   S.p.A. Family,No,Yes,No,Marebak,NA,0,486,0
Surf and Sea Marina,No,Yes,Yes,Zawalinda,Oceanus,0,598,0
Surf and Sea Marine,No,Yes,No,Arreciviento,NA,0,1571,0
Surf's Up s Sp,No,Yes,Yes,Marebak,Oceanus,0,574,0
SurfSide  GmbH & Co. KG Consulting,No,No,No,Marebak,NA,0,42,0
Tamil Nadu   Express Surf,No,Yes,No,Osterivaria,Oceanus,0,159,0
Tamil Nadu   Limited Liability Company,No,No,Yes,Merigrad,Oceanus,0,30,0
Tamil Nadu   SE Carriers,No,Yes,Yes,Vesperanda,Puerto Isla,0,167,0
Tamil Nadu   Sagl Marine life,No,No,No,Marebak,NA,0,454,0
Tamil Nadu  Market Limited Liability Company Logistics,No,No,No,Marebak,NA,0,93,0
Tamil Nadu  Market Plc,No,No,No,Osterivaria,Coralmarica,0,34,0
Tamil Nadu s Barge,No,Yes,No,Vesperanda,NA,0,1478,0
Tamil Nadu s ОАО,No,No,No,Isliandor,Oceanus,0,41,0
Tana River  Company Transit,No,No,No,Marebak,NA,0,57,0
Tangier Coast  Incorporated Delivery,No,No,Yes,Marebak,Oceanus,0,342,0
Telangana  Transit Coral Reef,No,No,No,Marebak,NA,0,64,0
The Salted Pearl ОАО,No,No,Yes,Marebak,Oceanus,0,659,0
The Salty Dog A/S Solutions,No,No,No,Faraluna,Luminkind,0,24,0
The Salty Dog LC Marine,No,Yes,No,Khamseena,Mawandia,0,67,0
The Salty Dog LLC,No,Yes,Yes,Vesperanda,Oceanus,0,1216,0
The Salty Dog Limited Liability Company,No,Yes,Yes,Islavaria,Coralmarica,145,2729,61
The Salty Dog Sea,No,No,No,Marivaria,Azurionix,0,31,0
The Salty Pearl Express,No,Yes,Yes,Marebak,NA,0,711,0
The Salty Pearl Incorporated,No,No,No,Rio Isla,Oceanus,0,38,0
The Salty Pearl Lock,No,Yes,Yes,Marebak,NA,0,248,0
The Salty Pearl SE,No,No,Yes,Puerto del Mar,NA,0,221,0
The Salty Pearl Tsunami Corp Express,No,Yes,Yes,Coralmarica,Oceanus,0,50,0
The Sea Lion Company,No,No,No,Marebak,Oceanus,0,32,0
The Sea Lion Corporation,No,No,No,Mawazam,Oceanus,0,232,0
The Sea Lion Incorporated,No,No,No,Isliandor,Coralmarica,0,35,0
The Sea Lion S.A. de C.V. Carriers,No,Yes,No,Marebak,Oceanus,0,283,0
The Sea Turtle Plc Consultants,No,Yes,No,Puerto del Mar,NA,0,297,0
The Sea Turtle S.A. de C.V. Delivery,No,No,Yes,Faraluna,Sol y Oceana,0,26,0
Thetis - LLC Line,No,No,No,Brindisola,NA,0,23,0
Thoho Ltd. Corporation Logistics,No,Yes,No,Marebak,Oceanus,0,77,0
Thoho S.A. de C.V.,No,No,Yes,Arreciviento,Oceanus,0,205,0
Thundwa S.A. de C.V.,No,No,No,Marebak,Oceanus,0,82,0
Tiao piao  AG Delivery,No,No,Yes,Coral Solis,Oceanus,0,297,0
TidalTaste Tidepool Ltd. Liability Co Carriers,No,Yes,No,Coralada,Oceanus,0,84,0
Tide Turners A/S Delivery,No,No,No,Marebak,NA,0,307,0
Tide Turners CJSC Transport,No,No,No,Osterivaria,Oceanus,0,78,0
TideTable Captain Limited Liability Company Transit,No,No,Yes,Osterivaria,NA,0,50,0
Togo  Limited Liability Company,No,No,No,Merigrad,Coralmarica,0,136,0
Transit Ltd. Liability Co,No,No,No,Alverossia,Mango del Oro,0,97,0
Transport Ltd. Liability Co,No,No,Yes,Alverossia,Utoporiana,0,24,0
Tripura  Marina Sp Cargo,No,No,No,Coralmarica,Oceanus,0,34,0
Tripura  Market Company Marine ecology,No,Yes,Yes,Marebak,Marebak,0,933,0
Tripura  Market S.A. de C.V.,No,Yes,No,Vesperanda,Oceanus,0,1999,0
Tristen Jetty Company Solutions,No,Yes,No,Merigrad,Oceanus,0,2138,0
Tsha wamba S.A. de C.V.,No,No,Yes,Faraluna,Oceanus,0,120,0
TunaTreat Company Marine sanctuary,No,No,Yes,Marifada,Oceanus,0,33,0
Turkish Calamari A/S & Son's,No,No,Yes,Marebak,Marebak,0,492,0
Turkish Calamari GmbH Shipping,No,No,Yes,Osterivaria,NA,0,253,0
Turkish Calamari Plc ship,No,Yes,Yes,Puerto del Mar,Oceanus,0,266,0
Turkish Salmon A/S Marine,Yes,Yes,No,Vesperanda,Oceanus,620,599,44
Turkish Salmon LC Barracuda,No,No,No,Mawazam,Oceanus,0,65,0
Turkish Sword NV Ocean,No,Yes,No,Mawazam,Oceanus,0,1018,0
Uttar Pradesh Sea  A/S Express,No,No,No,Merigrad,Oceanus,0,289,0
Uttar Pradesh Sea  GmbH,No,Yes,No,Faraluna,Sol y Oceana,0,22,0
Uttar Pradesh s Oyj,No,No,No,Marebak,Oceanus,0,453,0
Uttar Pradesh s Transport,No,No,No,Galduzim,Oceanus,0,59,0
Uttarakhand   Tidepool Oyj International,No,Yes,Yes,Marebak,Marebak,0,1753,0
Uttarakhand s Current Sagl Line,No,Yes,Yes,Puerto del Mar,Oceanus,0,640,0
Vespuci Aquatic GmbH & Co. KG Transit,No,No,No,Marebak,NA,0,30,0
Victoria Falls   BV Worldwide,No,No,Yes,Arreciviento,Oceanus,0,97,0
Victoria Falls   Corporation Coast,No,No,No,Marebak,NA,0,24,0
Victoria Falls   N.V. Carriers,No,No,No,Rio Isla,Oceanus,0,44,0
Victoria Falls   OJSC Marine,No,No,No,Osterivaria,Oceanus,0,544,0
Viento Azul Kga Carriers,No,No,No,Thessalandia,Oceanus,0,351,0
Viento Azul N.V. Distribution,No,Yes,No,Vesperanda,Nyxonix,0,1632,0
Viento y Mar BV,No,No,No,Arreciviento,Oceanus,0,485,0
Viento y Mar Corp,No,No,No,Playa Solis,Oceanus,0,37,0
Viento y Mar Hijiki,Yes,No,Yes,Marebak,Oceanus,460,162,2
Viento y Mar LC,No,No,No,Nalakond,Oceanus,0,74,0
Vlei-tilapia Regatta S.A. de C.V. Solutions,No,No,Yes,Marebak,NA,0,153,0
Vleikurper LC & Son's,No,No,Yes,Solovarossa,Oceanus,0,53,0
Volga River Kga Merchants,No,No,No,Vesperanda,-22005,0,27,0
Volta River  Brothers Laksa,No,No,No,Osterivaria,NA,0,36,0
Water Wonders AS Investment,No,No,No,Nalakond,Oceanus,0,21,0
Water Wonders Plc Cargo,No,Yes,No,Marebak,NA,0,574,0
Water Wonders Plc Shipping,No,No,No,Orvietola,Oceanus,0,72,0
Wave Riders Trout GmbH Shipping,No,No,Yes,Arreciviento,NA,0,29,0
Wave Watchers BV Transit,No,No,No,Merigrad,Oceanus,0,35,0
Wave Watchers Brine N.V. Express,No,No,No,Marebak,Marebak,0,72,0
Wave Watchers Company United,No,Yes,No,Marebak,Coralmarica,0,343,0
Wave Watchers Ltd. Liability Co,No,Yes,No,Merigrad,Merigrad,0,4729,0
Wave Watchers S.p.A. Import,No,No,No,Marebak,NA,0,156,0
Wave Watchers Underwater Ltd. Corporation Solutions,No,Yes,Yes,Marebak,Marebak,0,1966,0
WaveCatcher GmbH & Co. KG,No,No,Yes,Marebak,NA,0,74,0
West Bengal   N.V. Distribution,No,No,No,Osterivaria,NA,0,67,0
West Bengal   SRL Marine sanctuary,No,Yes,No,Osterivaria,NA,0,28,0
West Bengal  A/S Freight ,No,Yes,No,Marifada,Marifada,0,493,0
West Bengal  Ltd. Corporation,No,Yes,Yes,Coralmarica,NA,0,855,0
West Bengal  Ltd. Liability Co,No,No,No,Merigrad,Oceanus,0,139,0
West Bengal  Sp &,No,No,No,Korvelia,Oceanus,0,88,0
West Kga and Son's,No,No,Yes,Coralmarica,Rio Isla,0,22,0
Whale Corp Marine ecology,No,No,Yes,Vesperanda,Oceanus,0,22,0
William & Co Marine life,No,No,No,Marebak,Oceanus,0,39,0
Yenisei  Eel GmbH & Co. KG Services,No,Yes,Yes,Merigrad,Oceanus,225,1653,28.5
Yu er he  Bonito,No,Yes,Yes,Marebak,NA,0,1169,0
Yu er he  Co,No,No,No,Marebak,Oceanus,0,28,0
Yu er he  SRL,No,No,No,Marebak,Utoporiana,0,44,0
Yu er he  Services Salt spray,No,No,No,Coralmarica,Oceanus,0,27,0
Yu gou  Plc Worldwide,No,Yes,No,Sol y Oceana,Oceanus,0,34,0
Yu gou  SRL Ocean,No,No,No,Brindivaria,Sol y Oceana,0,22,0
Yu wo  Company Delivery,No,No,No,Anderia del Mar,Oceanus,0,44,0
Yu xian  Ltd. Corporation,No,No,No,Marebak,NA,0,83,0
Zambezi Escarpment  Co Current,No,No,Yes,Mawazam,Oceanus,0,22,0
Zambezi Escarpment  ОАО Freight ,No,No,Yes,Marebak,NA,0,208,0
Zambezi Gorge  ОАО Forwading,No,No,No,Osterivaria,NA,0,197,0
Zambezi Rapids  Brine Sp Transport,No,No,No,Marebak,NA,0,166,0
Zambezi Rapids  Plc Holdings,No,Yes,Yes,Marebak,Marebak,0,1128,0
Zambezi Valley  ОАО Transport,No,No,Yes,Coralmarica,Patacoral,0,37,0
Zanzibar Archipelago   Incorporated International,No,Yes,No,Marebak,NA,0,1414,0
Znamensk Eel LLC United,No,No,Yes,Puerto del Mar,Oceanus,0,55,0
Znamensk Ltd. Liability Co,No,Yes,No,Calabrand,Oceanus,0,277,0
Znamensk Pic Salt spray,No,No,No,Coralmarica,Oceanus,0,26,0
biān yú Inc Industrial,No,No,No,Faraluna,Oceanus,0,22,0
bái suō wěn lú Ges.m.b.H.,No,No,No,Mawazam,Oceanus,0,90,0
bái suō wěn lú GmbH & Co. KG,No,No,Yes,Kondanovia,Oceanus,0,48,0
bǐ mù yú AG Marine,No,No,No,Mawazam,Oceanus,0,72,0
bǐ mù yú Captain,No,No,No,Marebak,Oceanus,0,80,0
bǐ mù yú Ges.m.b.H. Holdings,No,Yes,No,Mawazam,Oceanus,0,64,0
bǐ mù yú LC Shipping,No,No,No,Marebak,NA,0,52,0
bǐ mù yú Oyj,No,No,Yes,Korvelia,Oceanus,0,60,0
bǐ mù yú Sagl Distribution,No,Yes,Yes,Alverossia,Oceanus,0,495,0
guī yú GmbH Shipyard,No,Yes,No,Coralmarica,Coralmarica,0,90,0
guī yú Ltd. Corporation,No,No,No,Oceanus,Oceanus,0,235,0
hǎi mǎ AS Sea spray,No,No,No,Marebak,Marebak,0,166,0
hǎi mǎ Oceanography S.p.A. & Son's,No,Yes,No,Zawalinda,Oceanus,0,30,0
hǎi mǎ S.A. de C.V. & Son's,No,Yes,Yes,Osterivaria,Oceanus,0,73,0
hǎi tún AS Industrial,No,No,No,Isliandor,NA,0,197,0
hǎi tún Ltd. Corporation,No,No,No,Alverossia,Lumakari,0,26,0
hǎi xīng Corp Sextant,No,No,No,Kondarama,Oceanus,0,112,0
jīn qiāng yú Express,No,Yes,No,Oceanus,Coral Solis,0,216,0
jīn qiāng yú Ltd. Liability Co,No,No,No,Isliandor,NA,0,35,0
jīn qiāng yú SRL Worldwide,No,No,Yes,Zawalinda,NA,0,194,0
jīng GmbH & Co. KG,No,No,No,Marebak,NA,0,533,0
katushka GmbH & Co. KG & Son's,No,No,No,Osterivaria,Sol y Oceana,0,49,0
lú yú A/S Marine,No,No,No,Playa Solis,Oceanus,0,42,0
lú yú Limited Liability Company,No,No,No,Marebak,Oceanus,0,44,0
lú yú Limited Liability Company International,No,No,No,Alverossia,Oceanus,0,88,0
lú yú S.A. de C.V. International,No,No,Yes,Coral Solis,Oceanus,0,357,0
móguǐ yú S.A. de C.V.,No,No,Yes,Gavanovia,Oceanus,52,43,2
nián yú Ltd. Corporation,No,Yes,Yes,Merigrad,Oceanus,0,27355,0
páng xiè AS Express,No,No,No,Khamposa,Oceanus,0,257,0
páng xiè OJSC Worldwide,No,No,No,Kondanovia,Oceanus,0,94,0
shí rén yú Caviar,No,No,No,Marebak,NA,0,247,0
shí rén yú Company Overseas,No,No,No,Zawalinda,Oceanus,0,78,0
shí rén yú Marine conservation,No,Yes,No,Merigrad,Oceanus,0,723,0
shā yú Ges.m.b.H. Worldwide,No,No,No,Marebak,NA,0,61,0
shā yú Ltd Marine,No,No,Yes,Rio Isla,Rio Isla,0,90,0
suō yú GmbH & Co. KG Freight ,No,Yes,No,Mawazam,NA,0,544,0
xiǎo lóng xiā GmbH & Co. KG,No,Yes,Yes,Marebak,Alverossia,0,952,0
xiǎo lóng xiā Inc Worldwide,No,Yes,No,Marebak,NA,0,293,0
xiǎo lóng xiā NV,No,No,No,Coralmarica,Oceanus,0,231,0
xiǎo lóng xiā SRL,No,Yes,No,Marebak,Puerto Sol,0,114,0
xiǎo xiā A/S Holdings,No,No,No,Osterivaria,Oceanus,0,75,0
xiǎo xiā Oyj Marine ecology,No,Yes,Yes,Coralmarica,Oceanus,206,384,21
xiǎo xiā S.p.A. Deep-sea,No,No,No,Islavaria,Oceanus,0,80,0
xuě yú AS Cargo,No,No,No,Osterivaria,NA,0,54,0
xún yú S.A. de C.V.,No,No,No,Isliandor,Oceanus,0,74,0
zhāng yú Estuary CJSC Marine conservation,No,No,No,Marebak,NA,0,95,0
zūn yú Plc Holdings,No,Yes,Yes,Mawandia,Oceanus,0,42,0
hǎi dǎn Corporation Wharf,Yes,Yes,Yes,Marebak,Oceanus,33226,0,0
Olas del Mar Worldwide,Yes,Yes,Yes,Oceanus,Oceanus,705,0,0
Himachal Pradesh  BV Holdings,Yes,Yes,No,Merigrad,Oceanus,867,0,0
Pao gan SE Seal,Yes,Yes,Yes,Alverossia,Oceanus,27251,0,0
Saltwater Supreme Pelican Ltd Enterprises,Yes,Yes,Yes,Puerto Sol,Oceanus,3790,0,0
Yu xian  SRL Industrial,Yes,Yes,Yes,Sirenareef,Oceanus,6299,0,0
Brisa del Este BV,Yes,Yes,Yes,NA,Oceanus,4377,0,0
Caracola del Sol Services,Yes,Yes,Yes,Puerto Sol,Oceanus,38682,0,0
Costa de la Felicidad Shipping,Yes,Yes,Yes,Alverossia,Oceanus,20691,0,0
Faroe Islands Halibut Sea S.p.A. Distribution,Yes,Yes,Yes,Baziuzim,Oceanus,1064,0,0
Mar del Este CJSC,Yes,Yes,Yes,Merigrad,Oceanus,39150,0,0
Rift Valley fishery Inc,Yes,Yes,Yes,Puerto del Mar,Oceanus,2343,0,0
Sea Striders GmbH Industrial,Yes,No,No,Coralmarica,Oceanus,715,0,0
Coastal Castaway Coast Corporation Worldwide,Yes,Yes,Yes,Alverossia,Oceanus,821,0,0
Lake Turkana  Charter Boat  NV Marine,Yes,Yes,No,Alverossia,Oceanus,1079,0,0
Pao gan LC Freight ,Yes,Yes,Yes,-22004,Oceanus,5612,0,0
Océano de Coral Corporation Express,Yes,Yes,Yes,Vesperanda,Oceanus,1753,0,0
Costa del Sol A/S,Yes,Yes,No,Isliandor,Oceanus,1748,0,0
Kong zhong diao yu  Ges.m.b.H.,Yes,Yes,Yes,Oceanus,Oceanus,9134,0,0
Punjab s Marine conservation,Yes,Yes,No,Riodelsol,Oceanus,1821,0,0
Ancla de Oro Kga Import,Yes,Yes,Yes,Vesperanda,Oceanus,623,0,0
Coastal Charm GmbH Transportation,Yes,Yes,Yes,Zawalinda,Oceanus,665,0,0
AquaDelight N.V. Coral Reef,Yes,Yes,Yes,Coralmarica,Oceanus,7222,0,0
Mar del Paraíso Corporation Logistics,Yes,Yes,Yes,Marebak,Oceanus,2832,0,0
Náutica del Sol Corporation,Yes,Yes,Yes,Mawazam,Oceanus,1738,0,0
Sea Breeze Corporation Marine sanctuary,Yes,Yes,Yes,Coralada,Oceanus,6448,0,0
The Sea Turtle GmbH & Co. KG,Yes,Yes,Yes,Marebak,Oceanus,4177,0,0
Adriatic Mackerel Ges.m.b.H. Family,Yes,Yes,No,Sol y Oceana,Oceanus,1015,0,0
Madagascar Coast  AG Freight ,Yes,Yes,Yes,Oceanus,Oceanus,8127,0,0
Sailors and Surfers Incorporated Enterprises,Yes,Yes,Yes,Puerto Sol,Oceanus,4185,0,0
Arunachal Pradesh s Oceanography,Yes,Yes,No,Nalakond,Oceanus,479,0,0
Fisherman's Best Marine conservation,Yes,Yes,Yes,Marebak,Oceanus,973,0,0
Belgian Shrimps Ocean Corp Holdings,Yes,Yes,Yes,Lumaland,Oceanus,612,0,0
Coral Cove BV Delivery,Yes,Yes,Yes,Quornova,Oceanus,1054,0,0
Costa del Viento Fish  S.p.A. United,Yes,Yes,Yes,Rio Isla,Oceanus,632,0,0
Uttarakhand  Market Limited Liability Company Nautical,Yes,Yes,Yes,Helixia,Oceanus,816,0,0
Caracola Azul Oyj &,Yes,Yes,No,Playa Solis,Oceanus,1943,0,0
Caracola del Este Ltd. Liability Co,Yes,Yes,No,Brindivaria,Oceanus,3560,0,0
Saltwater Supreme ОАО Forwading,Yes,Yes,Yes,Puerto Sol,Oceanus,2432,0,0
páng xiè S.A. de C.V. Line,Yes,Yes,Yes,Riodelsol,Oceanus,1929,0,0
Caracola Azul Ltd. Corporation,Yes,Yes,Yes,Lumaland,Oceanus,1344,0,0
Maharashtra  Ltd. Liability Co Shipping,Yes,Yes,Yes,Alverossia,Oceanus,1524,0,0
SeaTree Ltd. Liability Co Holdings,Yes,No,Yes,Gavanovia,Oceanus,620,0,0
Arunachal Pradesh s Brine,Yes,Yes,Yes,Nalakond,Oceanus,5986,0,0
Mar del Placer Manatee,Yes,Yes,Yes,Puerto del Mar,Oceanus,3739,0,0
Black Sea Tuna Snapper,Yes,Yes,Yes,Puerto Sol,Oceanus,1781,0,0
Punjab s A/S Marine,Yes,Yes,Yes,Nalaloria,Oceanus,446,0,0
lú yú GmbH & Co. KG,Yes,Yes,Yes,Lumaland,Oceanus,544,0,0
Lake Kivu   BV United,Yes,Yes,Yes,Vesperand's Bay,Oceanus,1458,0,0
Orange River   Incorporated Shipping,Yes,Yes,Yes,Merigrad,Oceanus,4016,0,0
Assam  Market Cargo ship Company Marine conservation,Yes,Yes,No,Faraluna,Oceanus,1706,0,0
Mar de la Vida LC,Yes,No,No,Puerto Sol,Oceanus,588,0,0
Niger Bend   Limited Liability Company Marine ecology,Yes,Yes,No,Quornova,Oceanus,14227,0,0
ReefRider Foods Ltd. Corporation Family,Yes,No,No,Oceanus,Oceanus,864,0,0
SilverStream CJSC Marine conservation,Yes,No,Yes,Marebak,Oceanus,444,0,0
hǎi dǎn AG Express,Yes,No,No,Polarisdom,Oceanus,1337,0,0
Adriatic Tuna Seabass BV Transit,Yes,No,Yes,Mawazam,Oceanus,648,0,0
Haryana s Sagl Transport,Yes,Yes,Yes,Osterivaria,Oceanus,567,0,0
Isla del Mar NV Forwading,Yes,Yes,Yes,Oceanus,Oceanus,1772,0,0
Yu gan  Sea spray GmbH Industrial,Yes,Yes,No,Oceanus,Oceanus,5360,0,0
-54,Yes,Yes,Yes,Nalakond,Oceanus,1114,0,0
Black Sea Tuna Sagl,Yes,No,Yes,Nalakond,Oceanus,1155,0,0
Dubingiai Ltd. Liability Co,Yes,Yes,No,Kondanovia,Oceanus,524,0,0
Senegal River  LLC Forwading,Yes,Yes,Yes,Utoporiana,Oceanus,1144,0,0
Bujagali Falls  Pic Family,Yes,No,No,Coralmarica,Oceanus,531,0,0
Dutch  Ltd. Liability Co Consultants,No,No,No,Sol y Oceana,Icarnia,128,0,0
Isla del Tesoro GmbH & Co. KG Chart,Yes,Yes,No,Coralmarica,Oceanus,1303,0,0
Tripura  Pier N.V. Solutions,Yes,Yes,No,Orvietea,Oceanus,1686,0,0
Great Ruaha River  GmbH,Yes,Yes,No,Puerto Sol,Utoporiana,824,0,0
Arena Azul Ltd. Corporation,Yes,No,Yes,Oceanus,Oceanus,507,0,0
bái suō wěn lú NV,Yes,No,No,Oceanus,Oceanus,570,0,0
Portuguese Tuna Incorporated Marine,Yes,Yes,Yes,Oceanus,Oceanus,556,0,0
Arena del Mar Marine Marine biology,Yes,Yes,Yes,Coral Solis,Oceanus,5371,0,0
Estrella del Mar N.V. United,Yes,No,No,Jiraputra,Oceanus,769,0,0
-47,Yes,No,No,Puerto Sol,Oceanus,462,0,0
Niger River   NV Delivery,Yes,No,No,Riodelsol,Oceanus,519,0,0
3 Trawler Corp Distribution,No,No,No,Brindisola,Oceanus,420,0,0
Mar de Cielo Ltd. Corporation,No,No,No,Rio Isla,Oceanus,353,0,0
Estrella de Mar Sagl,Yes,Yes,No,Rio Isla,Oceanus,448,0,0
-131,Yes,Yes,Yes,NA,Oceanus,984,0,0
Sahara  LLC Co Consultants,Yes,No,Yes,Mango del Oro,Oceanus,460,0,0
Kong zhong diao yu  Hull,No,No,Yes,Isliandor,Oceanus,23,0,0
Tamil Nadu   Corporation Compass,Yes,Yes,No,Utoporiana,Oceanus,2883,0,0
Irish Crab CJSC Shark,Yes,Yes,Yes,Mawazam,Oceanus,599,0,0
Konkan Coast  SRL Logistics,Yes,Yes,No,Puerto del Mar,Oceanus,629,0,0
Náutica del Este Ltd. Corporation,No,No,No,Oceanus,Oceanus,96,0,0
Rybachit Sagl and Son's,Yes,No,No,Sol y Oceana,Oceanus,1161,0,0
Benguela Current   GmbH Carriers,Yes,Yes,No,Gavanovia,Oceanus,470,0,0
Selkie Ltd. Liability Co,Yes,Yes,Yes,Lumaland,Riodelsol,589,0,0
Arena del Sol Sagl,Yes,Yes,No,Marebak,Oceanus,551,0,0
Playa Blanca Sagl Shipping,No,Yes,Yes,Marebak,Oceanus,401,0,0
Vespuci Seagrass A/S Consultants,No,No,Yes,Marebak,Oceanus,142,0,0
hǎi mǎ Sagl Express,No,No,No,Rio Isla,Oceanus,345,0,0
-159,No,No,Yes,NA,Oceanus,56,0,0
-991,No,No,No,NA,Oceanus,108,0,0
