id,redflag_nodes,shpcountry,rcvcountry
 Direct Herring Company Transit,No,Mawazam,Coralmarica
1 Limited Liability Company,No,Lumindoria,Oceanus
1 Ltd. Liability Co Cargo,No,Mawandia,NA
2 Limited Liability Company,Yes,Marebak,Oceanus
2 Wharf S.A. de C.V. Delivery,No,Merigrad,Oceanus
3 Logistics Tom yum,No,Mawazam,Oceanus
3 Oceanography ОАО Marine life,Yes,Faraluna,Oceanus
4 Limited Liability Company Seaport,No,Mawazam,Morolaria
4 S.A. de C.V. Shipping,No,Merigrad,NA
5 Sashimi NV Holdings,No,Thessalandia,Coralmarica
9 Charter Boat  Plc Overseas,No,Marebak,NA
9 Marine biology Ltd Family,No,Mawazam,NA
Adair GmbH & Co. KG Cargo,No,Puerto del Mar,Oceanus
Adair S.A. de C.V.,No,Mawazam,Oceanus
Adriatic Catch Bonito Ltd Consultants,No,Osterivaria,NA
Adriatic Catch Ltd. Liability Co Transportation,No,Vesperanda,Coralmarica
Adriatic Mackerel S.A. de C.V.,Yes,Playa Solis,Oceanus
Adriatic Squid SE Marine conservation,No,Merigrad,NA
Adriatic Tuna AS Solutions,Yes,Mawazam,Oceanus
Adriatic Tuna Ltd. Liability Co,No,Merigrad,Oceanus
Adriatic Tuna SRL Line,No,Merigrad,Oceanus
Adriatic Tuna Shipyard GmbH United,No,Thessalandia,Oceanus
Adriatic Tuna ОАО Carriers,No,Marebak,Oceanus
Agua Limited Liability Company Services,Yes,Brindisola,Oceanus
Agua Ltd. Liability Co,No,Marebak,Oceanus
Amur  Oceanography LLC Services,No,Sol y Oceana,Oceanus
Ancla de Oro Ferry,No,Marebak,Oceanus
Ancla de Oro N.V.,No,Merigrad,Oceanus
Ancla del Este AS,No,Utoporiana,Oceanus
Ancla del Este Sp Fish ,No,Zawalinda,NA
Andhra Pradesh   Ges.m.b.H. Industrial,No,Konalika,Oceanus
Andhra Pradesh   Sextant Oyj Forwading,Yes,Zawalinda,Sol y Oceana
Andhra Pradesh  Ltd. Liability Co,Yes,Coralmarica,Oceanus
Angeline Sea NV Worldwide,No,Merigrad,NA
Aqua Adventures Carriers Seabed,No,Mawazam,NA
Aqua Adventures Ges.m.b.H. Roe,No,Marebak,NA
Aqua Anchor Kga Holdings,No,Mawazam,Utoporiana
Aqua Aura LLC Investment,Yes,Marebak,NA
Aqua Aura Nori Ltd. Corporation Brothers,No,Kondanovia,Coralmarica
Aqua Aura OJSC Marine sanctuary,No,Korvelia,Brindivaria
Aqua Aura SE Marine life,Yes,Kondanovia,Oceanus
Aqua Azul LC International,No,Arreciviento,Oceanus
Aqua Azul Oyster  BV Freight ,No,Vesperanda,NA
Aqua Gourmet GmbH & Co. KG Forwading,No,Nalakond,Oceanus
Aqua Gourmet Ltd. Liability Co Services,No,Marebak,NA
Aqua Mermaid Ltd. Liability Co,No,Marebak,NA
Aqua Mermaid Sagl Merchants,No,Osterivaria,NA
Aqua Mermaid Seafarer Sp Solutions,No,Isliandor,NA
Aqua Ventures Corporation Industrial,No,Zawalinda,Sol y Oceana
Aqua Ventures Dry dock,No,Coralmarica,Lumakari
Aqua Ventures Wave Sp Marine sanctuary,No,Marebak,NA
AquaBite GmbH & Co. KG Transport,No,Merigrad,Oceanus
AquaCuisine  Ltd. Liability Co,No,Osterivaria,Oceanus
AquaCuisine  Ltd. Liability Co Nautilus,No,Isliandor,Oceanus
AquaCuisine  Surfboard BV Carriers,No,Lumaland,NA
AquaCuisine AG Marine ecology,No,Marebak,Marebak
AquaDelicious Coral Co Holdings,No,Oceanus,Oceanus
AquaDelight S.A. de C.V. Delivery,No,Nalakond,NA
AquaFresh Foods CJSC -,No,Kondarama,Oceanus
AquaFresh Foods Incorporated Logistics,No,Coral Solis,NA
Aquatic Adventures Company Marine,No,Coralmarica,Oceanus
Arawak Ltd. Liability Co Transport,No,Marebak,Oceanus
Arawak Pelican Ltd. Liability Co and Son's,No,Marebak,NA
Arena Azul Ltd. Liability Co Solutions,No,Marebak,NA
Arena Azul Sagl Family,No,Vesperanda,Oceanus
Arena de Coral A/S,No,Mawazam,Coralmarica
Arena del Mar Corp Transport,No,Merigrad,Oceanus
Arena del Mar Tidal Oyj Carriers,No,Marebak,NA
Arena del Sol GmbH Submarine,No,Islavaria,Oceanus
Arena del Sol Incorporated,No,Marebak,Marebak
Arena del Sol Ltd. Liability Co Shipping,No,Alverossia,Oceanus
Arena del Sol Pic,Yes,Merigrad,Oceanus
Arena del Sol SRL,Yes,Marebak,Marebak
Arunachal  S.A. de C.V. Solutions,No,Talandria,Rio Isla
Arunachal Pradesh s GmbH,No,Osterivaria,Oceanus
Arunachal Pradesh s Jetty,No,Isliandor,Coral Solis
Arunachal Pradesh s LC Marine biology,No,Riodelsol,NA
Arunachal Pradesh s Ltd,No,Sol y Oceana,Oceanus
Arunachal Pradesh s N.V.,No,Marebak,Oceanus
Arunachal Pradesh s NV,No,Talandria,Talandria
Arunachal Pradesh s Plc,No,Osterivaria,Oceanus
Arunachal Pradesh s S.A. de C.V.,No,Kondanovia,Oceanus
Arunachal Pradesh s Sagl,No,Isliandor,Oceanus
Arunachal Pradesh s ОАО,Yes,Merigrad,NA
Asiotr Coral Ltd. Corporation Cargo,No,Valtalmo,Oceanus
Asiotr GmbH & Co. KG,No,Merigrad,Oceanus
Asiotr Sailboat Ges.m.b.H. Consulting,No,Riodelsol,Sol y Oceana
Assam   Limited Liability Company Transit,No,Merigrad,NA
Assam  Market GmbH & Co. KG Dockyard,Yes,Marebak,NA
Assam  Market Kga Brothers,No,Mawazam,Oceanus
Assam  Market LC World,No,Puerto del Mar,Konalika
Assam  Market Ltd Forwading,No,Merigrad,Kondanovia
Asveja America GmbH & Co. KG Freight ,No,Coralmarica,Oceanus
Atlantic Ocean Coast  Inc & Son's,No,Vesperanda,Oceanus
Atlantic Ocean Coast  Navigation Corporation Transportation,No,Anderia del Mar,Sol y Oceana
Atlantic Ocean Coast  S.A. de C.V. Pelican,No,Osterivaria,NA
Atlantic Ocean Coast  S.p.A.,No,Rio Isla,Oceanus
AtlanticAppetite Oyster  Ltd. Corporation Investment,Yes,Sirenareef,Oceanus
Atlas Mountains  GmbH & Co. KG,No,Vesperanda,NA
Atlas Mountains  LC and Son's,No,Marebak,NA
Atlas Mountains  Ltd. Corporation Transportation,No,Merigrad,NA
Atlántico Sur S.A. de C.V. Solutions,No,Polarisdom,Oceanus
Bahía Azul AB Export,No,Marebak,NA
Bahía Azul Plc Delivery,No,Numilandia,Oceanus
Bahía de Coral Oyj,No,Puerto Sol,Azurionix
Bahía de Coral SE,No,Vesperanda,Oceanus
Bahía de Plata Kga Marine life,No,Marebak,NA
Bahía de Plata Sagl Consulting,No,Faraluna,Oceanus
Bahía de Plata Trout,No,Rio Isla,Oceanus
Bahía del Este AB,No,Galduzim,NA
Bahía del Sol - S.p.A. Marine,No,Osterivaria,Oceanus
Bahía del Sol Deep-sea,Yes,Brindisola,Oceanus
Bahía del Sol Kga Consulting,No,Vesperanda,Oceanus
Bahía del Sol NV,No,Uzifrica,Oceanus
Bahía del Sol Seabreeze Kga Marine biology,No,Lumakari,Ivarisia
Bahía del Sol ОАО,No,Rio Isla,Oceanus
Balkan  GmbH & Co. KG,No,Osterivaria,Oceanus
Balkan  Ltd. Corporation Marine,No,Marebak,NA
Balkan Anchovy BV Forwading,No,Merigrad,Oceanus
Balkan Anchovy Ltd. Corporation,No,Faraluna,NA
Balkan Cat ОАО Transport,Yes,Vesperanda,Oceanus
Balkan Trout AB Cargo,No,Lumaland,Oceanus
Baltic Catch Ltd. Liability Co,Yes,Marebak,Coralmarica
Baltic Catch Oyj Shipping,No,Solovarossa,Oceanus
Baltic Catch SE Solutions,No,Marebak,Jiraputra
Baltic Flounder Salt spray LLC Marine conservation,No,Merigrad,NA
Baltic Sprat Pic Freight ,No,Vesperanda,Oceanus
Banded tilapia Corporation Holdings,No,Solovarossa,Oceanus
Banded tilapia Cruise ship BV Export,No,Marebak,Oceanus
Banded tilapia Sextant Pic Marine life,No,Marebak,NA
Barco de Plata CJSC,No,Marebak,NA
Barco de Plata Express,No,Osterivaria,Oceanus
Barco de Plata GmbH & Co. KG,No,Marebak,NA
Barco de Plata Tanker,No,Marebak,NA
Barents Sea Cod BV Seabed,No,Lumindoria,Oceanus
Barents Sea Cod Corporation Family,No,Vesperanda,Islavaragon
Barents Sea Cod Dry dock Pic Transport,No,Osterivaria,NA
Barents Sea Cod LC Marine biology,No,Mawazam,Oceanus
Barents Sea Cod Limited Liability Company,No,Marebak,NA
Barents Sea Shrimp CJSC Compass,No,Utoporiana,-22005
Barents Sea Shrimp NV,No,Merigrad,Oceanus
Barents Sea Shrimp Oyj Solutions,No,Islavaria,Oceanus
Barents Sea Shrimp Plc,No,Mawazam,NA
Barents Sea Shrimp Tugboat AB Enterprises,No,Isliandor,Oceanus
Bay of Bengal's Anchor,No,Zawalinda,Oceanus
Bay of Bengal's Corp,Yes,Osterivaria,Oceanus
Beach Breakers AS Brothers,No,Osterivaria,NA
Belgian  Surf Sp Brothers,No,Oceanus,Sol y Oceana
Belgian Cod BV Solutions,Yes,Coralmarica,Coralmarica
Belgian Lobster AG Shoal,Yes,Coralmarica,Oceanus
Belgian Scallop Compass Limited Liability Company Line,No,Merigrad,Oceanus
Belgian Scallop Harbor ОАО Freight ,No,Marebak,NA
Big Sulphur  Inc Delivery,No,Marebak,NA
Big Sulphur  S.A. de C.V.,Yes,Marebak,Oceanus
Bihar  OJSC Coral Reef,No,Coral Solis,Oceanus
Black Sea Anchovy GmbH & Co. KG Import,No,Zawalinda,Oceanus
Black Sea Anchovy GmbH & Co. KG Services,No,Vesperanda,Luminkind
Black Sea Anchovy NV,No,Osterivella,Oceanus
Black Sea Anchovy Pic Wharf,No,Vesperanda,Oceanus
Black Sea Anchovy S.p.A. Brothers,No,Merigrad,NA
Black Sea Carp OJSC,No,Osterivaria,Oceanus
Black Sea Sprat Coast AG Shipping,No,Puerto del Mar,NA
Black Sea Sprat LC Transport,No,Merigrad,Oceanus
Black Sea Tuna Barracuda,Yes,Coralmarica,Coralmarica
Black Sea Tuna S.A. de C.V. Logistics,No,Marebak,NA
Blue Horizon Family &,No,Osterivaria,NA
Blue Horizon Inc Transport,Yes,Marebak,Marebak
Blue Horizon Limited Liability Company,No,Osterivaria,Oceanus
Blue Horizon Plc Shipping,No,Isliandor,Oceanus
Blue Lagoon Marine biology _,No,Arreciviento,Oceanus
Blue Nile  LLC and Son's,No,Marebak,NA
Blue Nile  Ltd. Liability Co,No,Marebak,NA
Blue Nile  OJSC Logistics,Yes,Puerto del Mar,Oceanus
Blue Ridge   OJSC Forwading,No,Zawalinda,Oceanus
Blue S.A. de C.V.,No,Marebak,NA
Blue Water Ventures Brine AS Enterprises,No,Marebak,Puerto Sol
Blue Water Ventures Corp,No,Marebak,Oceanus
Blue Water Ventures N.V.,No,Coral Solis,NA
Blue Water Ventures Sagl Express,No,Marebak,Oceanus
BlueWaterBites GmbH & Co. KG Export,No,Marebak,Oceanus
BlueWaterBites Ltd. Liability Co,No,Faraluna,Oceanus
Briny Import Marine sanctuary,Yes,Faraluna,Oceanus
Brisa Marina CJSC Bonito,No,Zawalinda,Sol y Oceana
Brisa del Este Brine,Yes,Marebak,NA
Brisa del Este GmbH,No,Marebak,NA
Brisa del Este Inc,No,Oceanus,Oceanus
Brisa del Este Wave,No,Marebak,NA
Brisa del Este ОАО Marine sanctuary,No,Islavaria,Oceanus
Brisa del Mar AB Worldwide,No,Kondanovia,Oceanus
Brisa del Mar GmbH,No,Merigrad,Oceanus
Brisa del Mar Inc,No,Kondanovia,Oceanus
Brisa del Mar Ltd. Liability Co,No,Marebak,NA
Bu yu wang AG,No,Zawalinda,Oceanus
Bu yu wang SRL,No,Marebak,NA
Bu yu wang Sp,No,Oceanus,Rio Isla
Bujagali Falls  SE Freight ,No,Coralmarica,NA
CJSC S.A. de C.V.,No,Marebak,NA
Cameroon Estuary  Sagl Carriers,No,Mawazam,NA
Cape Verde Islands  Fish ,Yes,Marebak,NA
Cape Verde Islands  Sp Transportation,No,Marebak,NA
Cape of Good Hope   Corporation,Yes,Marebak,NA
Caracola Azul LLC Cargo,No,Riodelsol,NA
Caracola Azul Ltd Solutions,No,Vesperanda,Oceanus
Caracola Azul Tilapia Corp Transport,No,Marebak,Oceanus
Caracola Marina - Plc Enterprises,No,Kondanovia,Oceanus
Caracola Marina Ltd Holdings,No,Vesperanda,Marifada
Caracola de Coral AG Marine sanctuary,No,Marebak,Oceanus
Caracola del Este Delivery,Yes,Arreciviento,Oceanus
Caracola del Este Incorporated,No,Vesperanda,NA
Caracola del Este N.V.,No,Zawalinda,Sirenareef
Caracola del Este Plc United,Yes,Kondanovia,Oceanus
Caracola del Mar AS,No,Puerto del Mar,Oceanus
Caracola del Mar LLC Delivery,No,Ariuzima,Oceanus
Caracola del Mar SRL Logistics,No,Arreciviento,NA
Caracola del Sol Company Express,No,Marebak,Oceanus
Caracola del Sol Delivery,No,Puerto del Mar,Luminkind
Caracola del Sol Incorporated,No,Merigrad,Oceanus
Casablanca Coast  Flounder Oyj Line,No,Marebak,Oceanus
Casablanca Coast  Ltd. Corporation,No,Marebak,NA
Caspian Sea   AG Line,No,Coralmarica,Oceanus
Chhattisgarh   Estuary Sp Marine biology,No,Thessalandia,Oceanus
Chhattisgarh   GmbH & Co. KG Sea spray,No,Thessalandia,Oceanus
Chhattisgarh   S.A. de C.V.,Yes,Marebak,Marebak
Chhattisgarh  Seafood Ltd. Liability Co Worldwide,No,Sol y Oceana,Oceanus
Chituku SRL & Son's,No,Norlindor,Oceanus
Chituku Seabass LLC Delivery,No,Sol y Oceana,NA
Chituku Trout Inc Cargo,No,Jiraputra,Pachaputra
Christopher Limited Liability Company,No,Riodelsol,Oceanus
Chuan gou  Co Marine sanctuary,No,Marebak,Marebak
Chuan gou  Company Overseas,No,Sol y Oceana,Oceanus
Chuan gou  N.V. Delivery,No,Merigrad,Oceanus
Chuan gou  S.p.A. United,No,Zawalinda,Puerto del Mar
Coastal Castaway AB and Son's,No,Marebak,NA
Coastal Castaway S.A. de C.V. United,No,Coralmarica,Oceanus
Coastal Charm AG Overseas,No,Marebak,Marebak
CoastalCuisine Ltd. Liability Co,No,Arreciviento,Sol y Oceana
Congo Basin  Limited Liability Company,No,Puerto Sol,Oceanus
Congo Rapids   Corporation Sextant,No,Nalakond,Oceanus
Congo Rapids   Ltd. Corporation,No,Brindivaria,Oceanus
Congo River  S.p.A. Overseas,No,Kondarama,Puerto del Mar
Consulting S.A. de C.V.,No,Merigrad,NA
Coral Azul and OJSC Brothers,Yes,Marebak,Coralmarica
Coral Coast Freight  Flotsam,No,Marebak,NA
Coral Cove BV Brothers,No,Merigrad,Oceanus
Coral Cove LC Hull,Yes,Puerto del Mar,Oceanus
Coral Kingdom Co Merchants,No,Rio Isla,NA
Coral del Mar Incorporated,No,Solovarossa,Oceanus
Coral del Mar Logistics,No,Mawazam,Oceanus
Coral del Sur AS Port,No,Marebak,NA
Coral del Sur LLC Transport,No,Merigrad,Oceanus
Coral del Sur Limited Liability Company,No,Marebak,Nordica Bay
Coral del Sur Sagl Family,No,Solovarossa,Oceanus
CoralCove Foods AG Marine conservation,No,Thessalandia,Oceanus
CoralCrest Limited Liability Company Seabass,No,Merigrad,NA
Corporation Limited Liability Company,No,Thessalandia,NA
Costa de Coral Corporation Worldwide,No,Marebak,NA
Costa de Coral Limited Liability Company Transport,No,Marebak,Oceanus
Costa de Coral Marine biology SE Consulting,No,Vesperanda,NA
Costa de Oro BV,No,Zawalinda,Oceanus
Costa de Oro CJSC,No,Quirinelle,Oceanus
Costa de Oro Corporation,No,Galduzim,Oceanus
Costa de Oro S.p.A.,Yes,Thessalandia,Oceanus
Costa de la Felicidad Company,No,Marebak,NA
Costa de la Felicidad Limited Liability Company,Yes,Marebak,Maripuerto
Costa de la Felicidad Ltd,No,Puerto del Mar,NA
Costa del Mar Ges.m.b.H. Marine biology,No,Mawazam,Oceanus
Costa del Mar Incorporated,No,Coralmarica,Oceanus
Costa del Sol BV,No,Isliandor,Oceanus
Costa del Sol Ges.m.b.H.,Yes,Marebak,Jiraputra
Costa del Sol GmbH & Co. KG Family,No,Marebak,Lumaland
Costa del Viento A/S Freight ,Yes,Mawazam,NA
Costa del Viento Ges.m.b.H.,No,Nalakond,NA
Costa del Viento Incorporated and Son's,No,Thessalandia,Oceanus
Costa del Viento NV,Yes,Marebak,Marebak
Costa del Viento S.A. de C.V.,No,Vesperanda,Oceanus
Costa del Viento SRL Shipping,No,Osterivaria,NA
Daniel Ferry N.V. Transit,No,Osterivaria,Oceanus
Danish  S.A. de C.V.,No,Coralmarica,Oceanus
Danish Mackerel SE Brothers,No,Riodelsol,Gavanovia
Danish Mackerel ОАО Line,No,Riodelsol,Sol y Oceana
Danish Plaice BV Investment,No,Vesperanda,NA
Danish Plaice Ltd. Liability Co Logistics,No,Arreciviento,NA
Danish Plaice Swordfish AB Shipping,No,Mawazam,NA
David Corporation Marine life,No,Vesperanda,Oceanus
David Limited Liability Company Worldwide,No,Marebak,Kuzalanda
David Ltd. Liability Co Forwading,Yes,Coralada,Oceanus
Deep Blue Cargo ship,Yes,Thessalandia,Oceanus
Deep Blue Ltd. Corporation Shipping,No,Marebak,NA
Deep Sea Divers Incorporated Shipping,No,Marebak,Oceanus
Deep Sea Divers SRL Industrial,No,Faraluna,Oceanus
Delhi   Limited Liability Company,No,Arreciviento,Oceanus
Delhi   Ltd. Liability Co,No,Oceanus,Oceanus
Delhi ers Corp Brine,No,Merigrad,Oceanus
Delhi ers Ltd. Liability Co,No,Kondanovia,Oceanus
Delphinia Mussel Ges.m.b.H. Marine biology,No,Islavaria,NA
Diao er  Inc Brackish,No,Marebak,Oceanus
Diao er  Pic Marine,No,Icarnia,Oceanus
Diao yu  BV Logistics,No,Marebak,Oceanus
Diao yu  OJSC Overseas,Yes,Marebak,Marebak
Diao yu bi sai  BV,No,Oceanus,Oceanus
Diao yu bi sai  Pic,No,Kondanovia,Isliandor
Diao yu bi sai  Roe LLC Logistics,No,Marebak,Oceanus
Dnipro  Breakwater LC Marine sanctuary,Yes,Zawalinda,Zawalinda
Dolphin Dreams AG Forwading,No,Marebak,NA
Donald Bonito LLC Line,No,Mawazam,Oceanus
Donald Sp & Son's,No,Merigrad,Oceanus
Doris Eel AS Overseas,No,Korvelia,Oceanus
Drakensberg  Limited Liability Company,Yes,Jiraputra,Oceanus
Dry Creek Limited Liability Company,No,Nalaloria,Oceanus
Dry Creek SE Import,No,Marebak,NA
Dry Creek SRL Line,No,Marebak,Oceanus
Dry Creek ОАО Enterprises,No,Kondanovia,Oceanus
Dubingiai GmbH & Co. KG Brothers,No,Gavanovia,Gavanovia
Dutch Bill  A/S Distribution,No,Zawalinda,Ariuzima
Dutch Bill  Marine mist NV Freight ,No,Merigrad,Oceanus
Dutch Eel AB Holdings,Yes,Vesperanda,Oceanus
Dutch Eel LLC Express,No,Merigrad,NA
Dutch Eel Ray Company Marine,No,Isliandor,Oceanus
Dutch Herring N.V. Worldwide,Yes,Marebak,NA
Dutch Herring Sandbar LLC Line,No,Mawazam,Oceanus
Dutch Mussels N.V. Transportation,No,Marebak,NA
Dutch Mussels S.A. de C.V. Seaport,No,Marebak,Marebak
Dutch Mussels Tidepool ОАО Express,Yes,Marebak,NA
East Limited Liability Company,Yes,Islavaria,Oceanus
East Mussel Kga Marine conservation,No,Gavanovia,Oceanus
Edward Aquamarine LC Transport,No,Marebak,NA
Edward Beach N.V. Marine ecology,No,Zawalinda,Sol y Oceana
Edward Ltd. Corporation & Son's,No,Coralmarica,Sol y Oceana
Edward Tsunami Ges.m.b.H. Family,No,Osterivaria,Oceanus
Estrella de Mar AB,No,Zawalinda,NA
Estrella de Mar Corp,Yes,Puerto del Mar,Oceanus
Estrella de Mar Mudflat,No,Zawalinda,Oceanus
Estrella de Mar Pic Express,No,Solovarossa,Coralmarica
Estrella de Mar Whale,No,Brindivaria,NA
Estrella de la Costa Inc -,Yes,Marebak,Oceanus
Estrella de la Costa Kga Worldwide,No,Anderia del Mar,Oceanus
Estrella de la Costa Limited Liability Company,Yes,Marebak,Oceanus
Estrella de la Costa Ltd. Corporation Marine biology,No,Coral Solis,Coralmarica
Estrella de la Costa SRL,No,Mawazam,Oceanus
Estrella del Mar &,No,Coralmarica,Coralmarica
Estrella del Mar Forwading,No,Coralmarica,Oceanus
Estrella del Mar Nautilus Ltd Overseas,No,Vesperanda,Coralmarica
Estrella del Mar SE,No,Utoporiana,Oceanus
Estrella del Mar Sp,Yes,Marebak,NA
Estrella del Mar ОАО Shipping,No,Marebak,NA
Estrella del Sol Buoy,Yes,Merigrad,Oceanus
Estrella del Sol OJSC Express,No,Marebak,NA
Estrella del Sol ОАО,Yes,Oceanus,Oceanus
Ethiopian Highlands  Incorporated Marine biology,No,Osterivaria,NA
Eukrante S.A. de C.V.,No,Merigrad,Oceanus
Fan er  Ltd. Corporation,Yes,Uzifrica,Icarnia
Faroe Islands  Company World,Yes,Zawalinda,Coralmarica
Faroe Islands Crab NV,No,Coralmarica,Oceanus
Faroe Islands Halibut ОАО,No,Alverossia,Oceanus
Faroe Islands Shrimp LLC,No,Marebak,Oceanus
Fin Addiction Ltd Line,Yes,Marebak,NA
FinestTaste GmbH & Co. KG,No,Merigrad,NA
FinestTastes GmbH & Co. KG Cargo,No,Merigrad,Oceanus
FinestTastes Ltd. Corporation Solutions,No,Vesperanda,NA
FinestTastes Marine GmbH & Co. KG Distribution,No,Anderia del Mar,Mawandia
Finests  Salmon Ltd Marine ecology,No,Merigrad,Oceanus
Fisherman's Bounty Marine GmbH Consulting,No,Marebak,Oceanus
Fisherman's Pride AS Export,No,Zawalinda,Sol y Oceana
Fisherman's Pride ОАО _,No,Marebak,Oceanus
Flint GmbH & Co. KG Distribution,No,Vesperanda,Oceanus
Flint Ltd. Liability Co &,No,Zawalinda,Oceanus
Forwading S.A. de C.V.,No,Arreciviento,Oceanus
French  Seabed S.p.A. Forwading,No,Osterivaria,Luminkind
French Sole Limited Liability Company,No,Arvaros,Oceanus
Fresh Limited Liability Company,No,Marebak,Marebak
Fresh Limited Liability Company Carriers,No,Coralmarica,Oceanus
Fresh Seabreeze Corp Services,No,Isliandor,Oceanus
Gambia River   Co Brothers,No,Vesperanda,Oceanus
Gambia River   Ges.m.b.H. &,No,Osterivaria,NA
Gambia River   GmbH & Co. KG and,No,Puerto del Mar,Sol y Oceana
Gambia River   Limited Liability Company Enterprises,No,Merigrad,NA
Gambia River   N.V. -,Yes,Coral Solis,Oceanus
George Ltd. Liability Co Express,No,Marebak,NA
George S.A. de C.V.,No,Marebak,Oceanus
Great Ruaha River  Rybachit Sagl Line,No,Marebak,Oceanus
Greek Mackerel GmbH & Co. KG,No,Marebak,NA
Greek Octopus Ltd. Corporation,Yes,Isliandor,Oceanus
Greek Octopus Ltd. Liability Co,No,Marebak,NA
Greek Octopus SRL Logistics,No,Merigrad,NA
Greek Sea Bass Company Express,No,Marebak,NA
Greek Sea Bream and,No,Marebak,Coralmarica
Greek ermen GmbH United,No,Valtalmo,Oceanus
Greek ermen Marine sanctuary,No,Marebak,NA
Greek ermen Plc Marine sanctuary,No,Myriadonia,Oceanus
Greek ermen Roe CJSC Cargo,No,Marebak,Oceanus
Green Valley Fish  Limited Liability Company Delivery,Yes,Puerto del Mar,Lumaland
Green Valley OJSC Services,No,Osterivaria,NA
Green Valley S.A. de C.V. Caviar,No,Merigrad,Oceanus
Group Tugboat Pic Logistics,No,Marebak,NA
Gujarat   Ltd. Liability Co,No,Arreciviento,Oceanus
Gujarat  Limited Liability Company Merchants,No,Vesperanda,NA
Gujarat Sea  AB Holdings,No,Marebak,NA
Gujarat ers Co Consulting,No,Mawazam,Oceanus
Gujarat ers Inc Worldwide,No,Kondanovia,Oceanus
Gulf of Guinea   Corporation,No,Marebak,Oceanus
Gulf of Guinea   Shipping,No,Mawalara,Coralmarica
Gulf of Guinea   Sp,No,Osterivaria,Coralmarica
Gulf of Tadjoura  Corp Shipping,No,Vesperanda,Maripuerto
Gulf of Tadjoura  N.V. Hull,No,Zawalinda,Oceanus
Gvardeysk Cargo  SRL Investment,No,Playa Solis,Playa Solis
Harbah Ltd. Liability Co Marine,No,Merigrad,Oceanus
Haryana Sea  Marine ecology,Yes,Osterivaria,Oceanus
Haryana Sea  N.V. Holdings,No,Rio Isla,Oceanus
Haryana s Ltd Holdings,No,Osterivaria,NA
Haryana s Plc Transit,No,Marebak,NA
Himachal Pradesh   Co Express,No,Marebak,Oceanus
Himachal Pradesh   Creek OJSC Line,No,Marebak,NA
Himachal Pradesh  BV Shipping,No,Marebak,Marebak
Himachal Pradesh  Limited Liability Company Solutions,No,Marebak,NA
Hook Motorboat ОАО Worldwide,No,Khamseena,Sol y Oceana
Hook S.A. de C.V.,No,Thessalandia,Thessalandia
Icelandic Cat S.p.A. Investment,No,Marebak,NA
Icelandic Oysters S.A. de C.V. Lighthouse,No,Marebak,NA
Icelandic Oysters _ BV United,No,Brindivaria,Mawalara
Icelandic Shrimp Corporation Transport,No,Isliandor,Oceanus
Iphimedeia LC Dry dock,No,Anderia del Mar,NA
Iphimedeia S.A. de C.V.,No,Marebak,Oceanus
Irish Mackerel Ltd. Corporation,No,Osterivaria,Oceanus
Irish Scallop Corporation Transport,No,Mawandia,Oceanus
Irish Scallop Inc Freight ,No,Korvelia,Oceanus
Irish Scallop S.A. de C.V.,No,Luminkind,Oceanus
Irish Sea  S.A. de C.V.,No,Isliandor,Oceanus
Irish Trout Inc Solutions,No,Mawazam,Coralmarica
Isla Azul Limited Liability Company,No,Marebak,Oceanus
Isla Azul Ltd. Liability Co,No,Coralmarica,Oceanus
Isla del Este Kga Tidepool,No,Rio Isla,Oceanus
Isla del Tesoro AB Forwading,No,Rio Solovia,Oceanus
Isla del Tesoro Plc,No,Osterivaria,NA
Isla del Tesoro SE Transport,No,Osterivaria,NA
Italian Sardines Ges.m.b.H. Marine sanctuary,No,Marebak,Marebak
Italian Sardines Ltd. Liability Co,Yes,Vesperanda,Oceanus
Italian Sword AB Seafaring,No,Brindisola,NA
Italian Sword Ltd. Liability Co,No,Vesperanda,Oceanus
Italian Sword Underwater Plc Enterprises,No,Marebak,Oceanus
Italian Tuna Seabed S.p.A. Express,No,Osterivaria,NA
Jammu & Kashmir  Company,No,Merigrad,Merigrad
Jammu & Kashmir  Flotsam,No,Faraluna,Oceanus
Jammu & Kashmir  Ges.m.b.H. Solutions,No,Arreciviento,Talandria
Jammu & Kashmir Sea  GmbH Shoal,No,Marebak,Oceanus
Jharkhand  GmbH & Co. KG United,No,Oceanus,Oceanus
Jharkhand Sea  Inc Shipping,No,Rio Isla,Oceanus
Jiangxi Seal Plc Distribution,No,Coraland,Coraland
Jiyu  Inc Marine conservation,No,Puerto del Mar,NA
Kallianassa Fish  AG Solutions,No,Rio Isla,Oceanus
Kambala Limited Liability Company,No,Islavaria,Oceanus
Kariba Dam   AS Worldwide,Yes,Coralmarica,Oceanus
Karnataka  Market A/S Transport,No,Faraluna,Oceanus
Karnataka  Market AS Solutions,No,Coralmarica,Coralmarica
Karnataka s Ltd. Liability Co Dashi,No,Puerto del Mar,Sol y Oceana
Kerala  Market - Ges.m.b.H. Cargo,No,Osterivaria,Oceanus
Kerala  Market OJSC Brothers,No,Merigrad,NA
Kerala  Market Plc Transport,No,Marebak,Islavaragon
Kerala  Market SRL Wave,No,Marebak,NA
Kerala  Market Sp United,No,Faraluna,NA
Kerala Ltd. Corporation Aqua,No,Vesperanda,Oceanus
Kerala Ltd. Corporation Worldwide,No,Coralmarica,Oceanus
Kga Ltd. Liability Co,No,Zawalinda,NA
Khundu N.V. and Son's,No,Arreciviento,Oceanus
Kilimajaro Slopes   Incorporated and Son's,No,Merigrad,Oceanus
Kilwa Coast  Coast NV Delivery,No,Osterivaria,Oceanus
Kilwa Coast  Limited Liability Company Forwading,No,Osterivaria,NA
Kilwa Coast  S.A. de C.V. Logistics,No,Osterivella,Oceanus
Konkan Coast  Dashi BV Investment,No,Merigrad,NA
LLC S.A. de C.V.,Yes,Osterivella,Sol y Oceana
La gan  AS Freight ,No,Marebak,NA
Lake Chad  Ltd. Corporation,No,Vesperanda,Oceanus
Lake Kainji  Corp Investment,No,Nalakond,NA
Lake Kainji  ОАО Worldwide,No,Thessalandia,Thessalandia
Lake Kivu   Corp Hijiki,No,Mawazam,NA
Lake Kivu   N.V. Carriers,Yes,Merigrad,Oceanus
Lake Kivu   NV Solutions,Yes,Marifada,NA
Lake Kivu   S.A. de C.V.,No,Solovarossa,Oceanus
Lake Malawi  Corp United,No,Sol y Oceana,Oceanus
Lake Malawi  S.A. de C.V.,No,Isliandor,Oceanus
Lake Manyara   LLC Express,No,Marebak,NA
Lake Manyara   Limited Liability Company,No,Faraluna,Sol y Oceana
Lake Manyara   ОАО Holdings,No,Marebak,Oceanus
Lake Nasser  Tom yum,No,Marebak,NA
Lake Rukwa  Limited Liability Company,No,Kondarama,Kondarama
Lake Tana  & Son's,No,Osterivaria,Oceanus
Lake Turkana  SRL Marine life,No,Marebak,NA
Lake Victoria Catch  BV,No,Merigrad,NA
Lake Victoria Catch  LLC,Yes,Anderia del Mar,NA
Lake Victoria Catch  NV,No,Coralmarica,Oceanus
Lake Victoria Nile    Corporation,Yes,Sol y Oceana,Oceanus
Lake Victoria Nile    GmbH & Co. KG Fish ,No,Zawalinda,Oceanus
Lake Victoria Nile    Inc,No,Isliandor,Oceanus
Lena  Abalone GmbH & Co. KG Freight ,No,Marebak,NA
Lena  Limited Liability Company,No,Marebak,Oceanus
Leska Limited Liability Company Consulting,No,Faraluna,Oceanus
Limpopo River  AB Consultants,No,Zawalinda,Oceanus
Line S.A. de C.V.,No,Lumindoria,Coralmarica
Logistics Ltd. Liability Co,No,Oceanus,Oceanus
Ltd. Corporation Ltd. Liability Co,No,Marebak,Oceanus
Ltd. Liability Co GmbH,No,Marebak,Oceanus
Ltd. Liability Co Incorporated,No,Marebak,NA
Ltd. Liability Co LC,No,Merigrad,Oceanus
Ltd. Liability Co ОАО,No,Faraluna,Oceanus
Luangwa River   Kga Investment,No,Marebak,Oceanus
Maacama  Limited Liability Company,No,Korvelia,Oceanus
Madhya Pradesh   Ltd. Corporation,Yes,Rio Isla,Oceanus
Madhya Pradesh   Ltd. Liability Co Freight ,No,Marebak,NA
Madhya Pradesh  Market GmbH Salt spray,No,Marebak,NA
Madhya Pradesh  Market Inc,No,Marebak,NA
Madhya Pradesh  Market LLC,Yes,Merigrad,Oceanus
Madhya Pradesh  Market Pic Transportation,No,Helvoris,Oceanus
Maghreb   Company Marine conservation,No,Puerto del Mar,Oceanus
Maharashtra   Ltd. Liability Co,No,Marebak,Oceanus
Maharashtra Sea  AS Seagrass,No,Marebak,NA
Maharashtra Sea  Cruise ship BV Transportation,No,Puerto del Mar,Sol y Oceana
Maharashtra Sea  Ltd. Corporation,No,Vesperanda,Oceanus
Makumba Ltd. Liability Co,No,Utoporiana,Riodelsol
Malabar Sea Catch Cruise ship,No,Merigrad,NA
Malabar Sea Catch Limited Liability Company Distribution,No,Solovarossa,Utoporiana
Malawi Rift   GmbH & Co. KG Tidepool,No,Utoporiana,Utoporiana
Manipur   S.A. de C.V. Carriers,No,Puerto del Mar,Oceanus
Manipur  Market Corporation Cargo,Yes,Vesperanda,Oceanus
Manipur  Market LLC Marine,No,Orvietea,Oceanus
Manipur  Market Ltd. Liability Co,No,Isliandor,Oceanus
Manipur  Market Ltd. Liability Co Transport,No,Marebak,Marebak
Manipur  Market S.A. de C.V. Express,No,Marebak,NA
Manipur  Market and Kga Transit,No,Isla Solmar,Rio Isla
Mar de Coral ОАО,No,Faraluna,Oceanus
Mar de Cristal Co Transport,No,Thessalandia,Oceanus
Mar de Cristal Incorporated Transport,No,Marebak,Marebak
Mar de Cristalino A/S Freight ,Yes,Marebak,NA
Mar de Cristalino Incorporated,No,Merigrad,Oceanus
Mar de Cristalino Marine,No,Ariuzima,NA
Mar de Estrellas Enterprises Oceanfront,No,Kondanovia,Oceanus
Mar de Estrellas Inc,No,Sol y Oceana,Oceanus
Mar de Estrellas Limited Liability Company,No,Kondanovia,Coralmarica
Mar de Plata CJSC,No,Coral Solis,Oceanus
Mar de Plata GmbH Express,No,Valtalmo,Oceanus
Mar de Plata Trout,No,Arreciviento,Oceanus
Mar de Sirenas Inc,No,Marebak,Oceanus
Mar de Sirenas Manatee,No,Arreciviento,NA
Mar de Sirenas SRL Worldwide,No,Icarnia,Icarnia
Mar de la Aventura Rybachit,No,Osterivaria,NA
Mar de la Costa Import Shark,No,Merigrad,Oceanus
Mar de la Costa Pic,No,Marebak,Oceanus
Mar de la Costa Sagl,Yes,Arreciviento,NA
Mar de la Felicidad BV,No,Mawazam,NA
Mar de la Felicidad Co,No,Lumakari,Oceanus
Mar de la Felicidad Corporation,No,Marebak,Oceanus
Mar de la Felicidad Ltd. Liability Co Worldwide,No,Korvelia,NA
Mar de la Felicidad Pic,No,Kondanovia,Oceanus
Mar de la Luna AG Line,No,Marebak,Oceanus
Mar de la Luna S.p.A.,Yes,Vesperanda,Oceanus
Mar de la Luna Sp,No,Sol y Oceana,Oceanus
Mar de la Luz AS,No,Marebak,NA
Mar de la Luz BV,No,Marebak,NA
Mar de la Luz Incorporated,No,Marebak,NA
Mar de la Luz Ltd. Liability Co,No,Vesperanda,NA
Mar de la Luz Ltd. Liability Co Services,No,Marebak,NA
Mar de la Luz Salmon,Yes,Marebak,Marebak
Mar de la Vida AG,No,Rio Isla,Oceanus
Mar de la Vida Inc,No,Puerto del Mar,NA
Mar de la Vida S.p.A.,No,Vesperanda,NA
Mar del Caribe AB,No,Sirenareef,Oceanus
Mar del Caribe Harbor,No,Vesperanda,NA
Mar del Caribe LLC,No,Marebak,Oceanus
Mar del Caribe Sp,No,Nalakond,Oceanus
Mar del Caribe Transport,No,Vesperanda,Oceanus
Mar del Este & Son's,No,Marebak,Oceanus
Mar del Este AB,No,Coralmarica,Coralmarica
Mar del Este Brine SRL Investment,Yes,Coralmarica,Oceanus
Mar del Este Inc,No,Anderia del Mar,Oceanus
Mar del Este Inc Consulting,No,Marebak,NA
Mar del Este Pic,No,Merigrad,NA
Mar del Este SRL,No,Mawazam,Oceanus
Mar del Golfo Limited Liability Company,No,Faraluna,Oceanus
Mar del Golfo Ltd. Liability Co Lighthouse,No,Osterivaria,Icarnia
Mar del Golfo Marine biology ОАО Freight ,No,Marebak,NA
Mar del Golfo Mudflat,No,Osterivaria,NA
Mar del Golfo SE,No,Alverossia,Sol y Oceana
Mar del Golfo Sp,No,Oceanus,Oceanus
Mar del Norte BV,No,Osterivaria,Oceanus
Mar del Norte Corp Express,No,Marebak,Osterivella
Mar del Norte OJSC,No,Coralmarica,Oceanus
Mar del Norte United,Yes,Zawalinda,Oceanus
Mar del Oeste -,No,Zawalinda,Oceanus
Mar del Oeste Corporation,No,Playa Solis,Oceanus
Mar del Oeste Cruise ship,No,Arreciviento,NA
Mar del Oeste LLC Marine,No,Merigrad,NA
Mar del Oeste Pic,No,Coralmarica,Oceanus
Mar del Oeste S.p.A.,Yes,Alverossia,Oceanus
Mar del Oeste S.p.A. United,Yes,Marebak,Oceanus
Mar del Oeste SRL,No,Vesperanda,Oceanus
Mar del Paraíso AS,No,Thessalandia,Uzilandor
Mar del Paraíso Corporation,No,Mawazam,Oceanus
Mar del Paraíso NV Worldwide,No,Polarisdom,Oceanus
Mar del Paraíso Shipyard,No,Marebak,Marebak
Mar del Placer CJSC Transport,No,Osterivaria,Oceanus
Mar del Placer N.V. Laksa,No,Faraluna,Oceanus
Mar del Placer Sagl Solutions,No,Marebak,NA
Mar y Luna Barracuda OJSC Industrial,No,Marebak,NA
Mar y Luna Kga,No,Marebak,Marebak
Mar y Luna Ltd. Liability Co Enterprises,Yes,Puerto del Mar,Oceanus
Mar y Viento Corp,No,Oceanus,NA
Marine Adventures Corp Brothers,No,Ariuzima,Oceanus
Marine Adventures Ltd. Corporation Brothers,No,Alverossia,Oceanus
Marine Adventures Seabreeze AS Forwading,No,Osterivella,NA
Marine Magic Herring Incorporated Transit,No,Marebak,NA
Marine Masterminds Kga Line,No,Marebak,Marebak
Marine Masterminds SE Saltwater,No,Vesperanda,Oceanus
Marine Mates Pic Delivery,No,Marebak,NA
Marine Mavericks CJSC Barracuda,No,Marebak,Oceanus
Marine Mavericks Marine biology,No,Islavaria,Oceanus
Marine Mermaids Inc Marine conservation,No,Marebak,Oceanus
Marine Mermaids Incorporated Services,No,Marebak,Oceanus
Marine Muse Ltd. Corporation Catfish,No,Osterivaria,Oceanus
Marit GmbH & Co. KG,No,Vesperanda,NA
Marlin Masters GmbH Industrial,No,Marebak,NA
Marmooska Ltd. Liability Co,No,Vesperanda,Oceanus
Matshakala Ltd. Liability Co,No,Rio Isla,NA
Matthew Oyj Marine sanctuary,No,Marebak,NA
Mediterranean s S.p.A. Shipping,No,Korvelonia,NA
Meghalaya  LLC Marine biology,No,Coralmarica,Coralmarica
Meghalaya  S.A. de C.V.,Yes,Merigrad,Oceanus
Melanippe GmbH & Co. KG,No,Puerto del Mar,NA
Meris Bonito NV Express,No,Coral Solis,Coral Solis
Meris Cargo ship Ltd. Liability Co Cargo,No,Osterivella,NA
Meris Ltd. Liability Co Worldwide,No,Arvaros,Arvaros
Michael Ltd. Corporation Seal,No,Mawazam,NA
Mizoram  S.A. de C.V.,No,Marebak,NA
Monarch Tsunami Ltd. Corporation Merchants,No,Marebak,NA
Mount Kenya  Charter Boat  S.A. de C.V. Industrial,No,Kondanovia,Coralmarica
Mount Kenya  Company Marine,No,Nalakond,Oceanus
Mount Kenya  GmbH & Co. KG,No,Marebak,Sirenareef
Nagaland   Sagl Marine sanctuary,No,Coralada,Oceanus
Nagaland Sea  Corp Freight ,No,Marebak,NA
Nagaland Sea  Ltd. Corporation &,No,Merigrad,NA
Nagaland Sea  N.V. Transit,No,Zawalinda,Oceanus
Nagaland Sea  OJSC United,No,Merigrad,Oceanus
Nagaland Sea Catch Corp,No,Merigrad,Oceanus
Nagaland Sea Catch GmbH,No,Marebak,NA
Nagaland Sea Catch Ltd. Liability Co,No,Marebak,Marebak
Nagaland Sea Catch Ltd. Liability Co Logistics,No,Marebak,NA
Nagaland Sea Catch Shoal,No,Marebak,NA
Namib Desert  LC Delivery,No,Marebak,NA
Namib Desert  Tidal flat GmbH Logistics,No,Merigrad,Sol y Oceana
Nautical Navigators Fish  Incorporated Line,No,Sol y Oceana,Nalakond
Nautical Navigators Ges.m.b.H. Distribution,No,Alverossia,NA
Nazhivka Aqua Ltd. Corporation Express,No,Marebak,NA
Nazhivka Oyj Marine ecology,No,Arvaros,Oceanus
Neptune's Harvest A/S Import,No,Marebak,NA
Neptune's Harvest Kga Overseas,No,Merigrad,NA
Neptune's Kingdom Coral Reef AB Consulting,No,Zawalinda,Oceanus
Neptune's Realm NV Navigation,No,Mawazam,Oceanus
Neptune's Realm S.A. de C.V.,No,Marebak,Oceanus
Niger Bend   S.A. de C.V. Holdings,No,Merigrad,Oceanus
Niger Bend   Sagl Transit,No,Coral Solis,Oceanus
Niger Delta   AS Express,No,Alverossia,Oceanus
Niger Delta   Company Transport,No,Oceanus,Oceanus
Niger River   Leska N.V. Delivery,No,Anderia del Mar,Oceanus
Niger River Delta  America Limited Liability Company Delivery,No,Marebak,NA
Niger River Delta  Oyj Abalone,No,Oceanus,Oceanus
Niger River Delta  Transport,No,Marebak,NA
Nile   Ltd. Liability Co,No,Marebak,Oceanus
Nile   Ltd. Liability Co Brothers,No,Merigrad,Oceanus
Nile Crocodile  BV Marine life,No,Kondarivakia,Oceanus
Noord Limited Liability Company Line,No,Isliandor,NA
North Atlantic  Merchants &,No,Nalakond,Oceanus
North Limited Liability Company,No,Marebak,NA
Norwegian Haddock Limited Liability Company,No,Marebak,Oceanus
Norwegian Haddock Ltd. Corporation Logistics,No,Vesperanda,NA
Norwegian Haddock S.A. de C.V.,Yes,Marebak,NA
Norwegian King Crab Dockyard,No,Zawalinda,NA
Norwegian King Crab GmbH,No,Kondanovia,Coralmarica
Norwegian Shrimp BV Express,No,Kondanovia,Oceanus
Norwegian Shrimp Ltd. Corporation,No,Korvelia,NA
Náutica del Este OJSC,No,Marebak,Marebak
Náutica del Mar Barracuda,No,Islavaria,Oceanus
Náutica del Mar Freight ,No,Marebak,Oceanus
Náutica del Mar GmbH & Co. KG,No,Marebak,NA
Náutica del Mar LLC Worldwide,No,Merigrad,NA
Náutica del Mar Ltd. Liability Co,No,Merigrad,NA
Náutica del Mar Sagl,Yes,Zawalinda,Oceanus
Náutica del Norte Ltd. Liability Co Marine biology,No,Merigrad,NA
Náutica del Norte Marina CJSC Marine ecology,No,Arreciviento,Oceanus
Náutica del Sol Brothers,No,Mawazam,Mawazam
Náutica del Sol CJSC Worldwide,No,Coralada,NA
Náutica del Sol Ges.m.b.H.,No,Puerto Sol,Puerto Sol
Náutica del Sol Port Ltd. Corporation Marine,No,Korvelia,Oceanus
Náutica del Sol S.p.A.,No,Thessalandia,Lumakari
Náutica del Sol SE,No,Rio Isla,Maripuerto
Ob River AS Consulting,No,Vesperanda,NA
Ob River LLC and Son's,No,Vesperanda,Oceanus
Ob River Ltd. Liability Co,No,Arreciviento,Lumaland
Ob River Surfboard AG Marine conservation,No,Kondanovia,Oceanus
Ocean Emporium A/S &,No,Merigrad,Oceanus
Ocean Emporium Pic Holdings,No,Vesperanda,Oceanus
Ocean Explorers Corporation Marine,No,Marebak,NA
Ocean Explorers GmbH & Co. KG Cargo,No,Marebak,NA
Ocean Oasis Ges.m.b.H. Shipping,No,Brindisola,Kondanovia
Ocean Oasis S.A. de C.V. Transport,No,Thessalandia,Oceanus
Ocean Outfitters Ltd. Corporation,No,Mawazam,Oceanus
Ocean Outlaws Seafarer Sp Shipping,No,Osterivaria,NA
Ocean Outlaws Submarine CJSC Transportation,No,Vesperanda,Oceanus
OceanFront Delights NV Import,No,Marebak,NA
OceanFront Delights Sagl Enterprises,No,Zawalinda,Oceanus
OceanKing s SE _,No,Zawalinda,Oceanus
OceanKing s ship Pic Logistics,No,Coral Solis,NA
OceanSavor Surf Limited Liability Company Logistics,Yes,Marebak,NA
Oceanfront Oases Co Shipping,No,Vesperanda,NA
Oceanfront Oasis Company Green ,No,Mawazam,Oceanus
Oceanfront Oasis Limited Liability Company Saltwater,No,Nalakond,Oceanus
Oceanic Blue Plc Holdings,No,Merigrad,Marebak
Oceanic Explorers Sashimi Incorporated Marine,Yes,Brindisola,Oceanus
Oceanic Oasis OJSC Consultants,No,Coralmarica,Kuzalanda
Oceanic Oceans OJSC Forwading,No,Marebak,NA
Oceanic Oceans SE Worldwide,No,Osterivaria,Oceanus
Oceanic Outfitters Estuary LC Worldwide,No,Thessalandia,Oceanus
Oceanic Outfitters SE Submarine,No,Mawazam,Oceanus
OceanicDelights Limited Liability Company,No,Marebak,NA
OceanicDelights Limited Liability Company Shipping,No,Brindisola,NA
Océano Azul AG Line,No,Arreciviento,Alverossia
Océano Azul Incorporated Express,No,Kondanovia,Polarisdom
Océano de Coral Corporation Marine conservation,Yes,Marebak,Oceanus
Océano de Coral NV and Son's,No,Arreciviento,Coralmarica
Océano del Este Abalone,No,Oceanus,Marebak
Océano del Este Co,No,Marebak,Coralmarica
Océano del Este Plc,No,Marebak,Isla Solmar
Océano del Este ОАО,No,Solovarossa,Luminkind
Odisha  Ltd. Liability Co,No,Marebak,Oceanus
Odisha  S.A. de C.V.,No,Marebak,Oceanus
Odisha Sea  Creek Incorporated Carriers,No,Alverossia,Oceanus
Okavango Delta  Coast OJSC Marine,No,Marebak,Oceanus
Okavango Delta  Pic Family,No,Puerto Sol,Puerto Sol
Ola Azul Ges.m.b.H. Services,No,Mawandia,Oceanus
Ola Azul SRL United,No,Marebak,NA
Ola de la Costa AS,No,Nalakond,Sol y Oceana
Ola de la Costa Ges.m.b.H.,No,Merigrad,NA
Ola de la Costa Inc,No,Marebak,Brindisola
Ola de la Costa N.V.,No,Marebak,NA
Ola del Este Inc,No,Osterivaria,Sol y Oceana
Ola del Este Ltd. Corporation,No,Merigrad,Oceanus
Ola del Este S.p.A. Express,No,Isliandor,NA
Ola del Este Saltwater,No,Osterivaria,Oceanus
Ola del Mar Brothers,No,Arreciviento,NA
Ola del Mar Current Corporation Marine,No,Alverossia,Oceanus
Ola del Mar SRL,No,Zawalinda,Sol y Oceana
Olas del Mar Inc International,No,Mawazam,Oceanus
Olas del Mar Ltd,No,Rio Isla,Coralmarica
Olas del Sur Corp,No,Marebak,Oceanus
Olas del Sur Ltd,Yes,Faraluna,Oceanus
Orange River   AS Seagull,No,Thessalandia,Oceanus
Orange River Mouth   Co Transport,No,Sol y Oceana,Lumaland
Orange River Mouth   Inc Shipping,No,Osterivaria,NA
Orange River Mouth   OJSC Shipping,No,Puerto del Mar,NA
Orange River Mouth   S.A. de C.V. Barge,No,Puerto del Mar,Sol y Oceana
Oranjestad Limited Liability Company,No,Thessalandia,Alverossia
Orrs GmbH & Co. KG Transport,No,Faraluna,Faraluna
Orrs Limited Liability Company,No,Vientoro,NA
Orrs Starfish S.A. de C.V. Cargo,No,Thessalandia,Coralmarica
Pao gan BV Transportation,No,Morolaria,Oceanus
Paradera GmbH & Co. KG,No,Kondanovia,Oceanus
Paradera S.A. de C.V.,No,Merigrad,NA
Paul Ltd. Liability Co,No,Marebak,Oceanus
Perla del Mar BV,No,Arreciviento,Puerto Sol
Perla del Mar Deep-sea,No,Osterivaria,Oceanus
Playa Azul Sp Shipping,No,Arreciviento,Oceanus
Playa Blanca Limited Liability Company,No,Coralmarica,NA
Playa de Arena Current,No,Islavaria,Oceanus
Playa de Arena Ltd. Corporation Carriers,No,Arreciviento,NA
Playa de Arena NV,No,Vesperanda,Oceanus
Playa de Arena OJSC Express,No,Vesperanda,Oceanus
Playa de Arena SE Underwater,No,Oceanus,Oceanus
Playa de Arena SRL,No,Isliandor,Oceanus
Playa de Arena Sagl,No,Vesperanda,Oceanus
Playa de Arena Submarine S.A. de C.V. Marine,Yes,Vesperanda,Oceanus
Playa de Coral Distribution Marine sanctuary,No,Osterivaria,Oceanus
Playa de Coral Limited Liability Company Express,No,Marebak,NA
Playa de Oro BV,No,Marebak,Oceanus
Playa de Oro OJSC,No,Osterivaria,Oceanus
Playa de Oro Sashimi,No,Merigrad,Nalakond
Playa de la Felicidad Forwading Salmon,No,Marebak,NA
Playa de la Felicidad LC,Yes,Riodelsol,Oceanus
Playa de la Felicidad Ltd Consultants,No,Marebak,Marebak
Playa de la Felicidad Plc,No,Islavaria,Oceanus
Playa de la Luna & Son's,No,Islavaria,Oceanus
Playa de la Luna Carriers Seafarer,No,Marebak,NA
Playa de la Luna S.p.A.,No,Brindisola,Coralmarica
Playa del Cielo AG Delivery,No,Anderia del Mar,NA
Playa del Cielo BV,Yes,Marebak,Oceanus
Playa del Cielo CJSC,No,Puerto del Mar,Oceanus
Playa del Cielo Corp Logistics,No,Marebak,NA
Playa del Cielo Ges.m.b.H.,No,Riodelsol,Oceanus
Playa del Cielo ОАО,No,Marebak,Marebak
Playa del Mar BV Solutions,No,Merigrad,Oceanus
Playa del Mar Company,No,Marebak,NA
Playa del Mar Corporation,No,Vesperanda,Coralmarica
Playa del Mar Kga & Son's,No,Islavaria,NA
Playa del Mar Limited Liability Company Marine conservation,No,Merigrad,NA
Playa del Sol Company Delivery,No,Zawalinda,Sol y Oceana
Playa del Sol Incorporated,No,Sol y Oceana,Oceanus
Playa del Tesoro Corporation,No,Osterivaria,NA
Playa del Tesoro Limited Liability Company,No,Solovarossa,Zaloria
Playa del Tesoro Plc Kelp,No,Merigrad,Coralmarica
Playa del Tesoro S.p.A. Enterprises,No,Mawazam,NA
Portuguese Sardines AB Marine sanctuary,No,Marebak,NA
Portuguese Sardines International -,No,Marebak,NA
Portuguese Sea Bass - N.V. Express,No,Merigrad,NA
Portuguese Sea Bass AS Marine,No,Marebak,NA
Portuguese Sea Bass Canal,No,Utoporiana,Oceanus
Portuguese Sea Bass Ltd. Liability Co,No,Faraluna,Oceanus
Portuguese Tuna Bonito Kga Consultants,No,Kondanovia,Oceanus
Poseidon Tanker Inc Marine sanctuary,No,Syrithania,Oceanus
Poseidon Wave S.p.A. Shipping,No,Zawalinda,NA
Pradesh   Hull S.A. de C.V. Transit,No,Coral Solis,Oceanus
Pradesh   S.A. de C.V.,No,Arreciviento,Coralmarica
Punjab  Market LC Worldwide,No,Thessalandia,Oceanus
Punjab  Market Limited Liability Company,No,Merigrad,Oceanus
Punjab  Market Ltd. Liability Co Brothers,No,Ariuzima,Oceanus
Punjab  Market S.A. de C.V. Investment,No,Marebak,NA
Punjab Sea  CJSC Marine conservation,No,Osterivaria,NA
Punjab Sea  Ltd. Corporation Marine conservation,No,Marebak,Marebak
Rajasthan  GmbH & Co. KG,No,Sol y Oceana,Sol y Oceana
Rajasthan  Ltd. Liability Co,No,Nalakond,Oceanus
Rajasthan  Marine sanctuary Underwater,Yes,Oceanus,Oceanus
Rajasthan  Seabass GmbH & Co. KG Cargo,No,Zawalinda,Valtalmo
Reef Rascals Ltd. Corporation Cargo,No,Vesperanda,NA
ReefR estaurant Oyj International,Yes,Coralada,Coralada
ReefR estaurant Pic Marine sanctuary,No,Marebak,Oceanus
ReefRider Foods AB Logistics,No,Marebak,Marebak
ReefRider Foods S.p.A. Cargo,No,Merigrad,NA
Richard S.A. de C.V. Solutions,Yes,Arreciviento,Oceanus
Rift Valley fishery Anchor,Yes,Kuzalanda,Oceanus
Rift Valley fishery Corp,No,Coralmarica,Coraland
Rift Valley fishery GmbH & Co. KG Cargo,No,Merigrad,Oceanus
Rift Valley fishery LLC,Yes,Isliandor,Oceanus
Rift Valley fishery Marine biology,Yes,Coralmarica,Oceanus
Rift Valley fishery OJSC,No,Marebak,NA
Rift Valley fishery Sagl,Yes,Osterivaria,Oceanus
River Gambia  Company Services,No,Mawandia,Sol y Oceana
Romero Aquatic GmbH & Co. KG Overseas,No,Oceanus,NA
Romero Limited Liability Company Marine,No,Solovarossa,Coralmarica
Romero Ltd and Son's,No,Coralada,Oceanus
Ronan A/S Marine sanctuary,Yes,Coral Solis,Kondanovia
Ronan Ltd. Liability Co,No,Korvelia,Oceanus
Rufiji River  Ges.m.b.H. Family,No,Vesperanda,Oceanus
Rufiji River  LLC Logistics,No,Osterivaria,NA
Rybachit Limited Liability Company,No,Osterivaria,Oceanus
S.A. de C.V. CJSC,Yes,Marebak,NA
S.A. de C.V. Incorporated,No,Osterivaria,Osterivaria
Sahara  LLC BV Shipping,No,Thessalandia,Oceanus
Sahara  LLC Sagl Marine life,No,Marebak,NA
Saharan Coast  Trawler SE Marine sanctuary,Yes,Merigrad,Oceanus
Saharan Oasis  Limited Liability Company,No,Thessalandia,Oceanus
Saharan Oasis  Ltd. Liability Co,No,Merigrad,Oceanus
Sailors and Surfers & AG Shipping,No,Merigrad,Oceanus
Sailors and Surfers Ges.m.b.H. Services,No,Quornova,Oceanus
SaltSea & Inc Carriers,No,Oceanus,NA
SaltSea Corp and Son's,Yes,Marebak,Marebak
Saltwater Sanctuary Company Cargo,No,Marebak,NA
Saltwater Sanctuary Marine ecology,Yes,Isliandor,Oceanus
Saltwater Sanctuary ОАО Merchants,No,Merigrad,Oceanus
Saltwater Sirens Coral Reef A/S Enterprises,No,Coralmarica,Oceanus
Saltwater Sirens Limited Liability Company Marine conservation,No,Mawazam,Oceanus
Saltwater Sirens Ltd. Liability Co Rybachit,No,Coralmarica,Oceanus
Saltwater Sirens S.p.A. International,Yes,Marebak,NA
Saltwater Sirens SE Marine,No,Zawalinda,NA
Saltwater Sisters Ltd. Corporation Shipping,No,Coralada,Oceanus
Saltwater Sizzle Sagl Transport,No,Sol y Oceana,NA
Saltwater Surf Club -,No,Arvaros,Oceanus
Saltwater Surf Club S.A. de C.V. Logistics,No,Zawalinda,NA
SaltwaterSatisfactions S.A. de C.V.,No,Marebak,Marebak
SaltwaterSavor Limited Liability Company,No,Gavanovia,Oceanus
SaltwaterSnacks S.A. de C.V. and Son's,No,Lumakari,Oceanus
Samaka Chart ОАО Delivery,No,Nalakond,Oceanus
Samaka Cruise ship LC Marine life,No,Brindisola,Brindisola
Samaka Ltd. Liability Co Distribution,Yes,Arreciviento,Oceanus
Sander Ltd. Corporation Leska,No,Zawalinda,Riodelsol
Savaneta Otter GmbH Investment,No,Nalakond,Helvoris
Scania Whale N.V. Logistics,No,Puerto del Mar,NA
Scottish Herring Ltd. Liability Co,No,Merigrad,Maripuerto
Scottish Lobster AG Transit,No,Calabrand,Sol y Oceana
Scottish Lobster Cruise ship SRL Transport,Yes,Marebak,Marebak
Scottish Lobster Ltd. Corporation,No,Mawazam,Oceanus
Scottish Oysters Consulting Leska,No,Zawalinda,Sol y Oceana
Sea Breeze Aquatic Ltd. Liability Co Solutions,No,Faraluna,NA
Sea Breezes AB United,No,Marebak,NA
Sea Breezes S.A. de C.V. Freight ,No,Isliandor,Coralmarica
Sea Harvest Aquatic GmbH Marine sanctuary,No,Rio Isla,Rio Isla
Sea Harvest Marine life,No,Isliandor,Oceanus
Sea Spray AS Cargo,Yes,Zawalinda,Oceanus
Sea Spray Plc Carriers,No,Marebak,NA
Sea Star LLC Shipping,Yes,Zimawand,Sol y Oceana
Sea Star Marine life,No,Marebak,NA
Sea Striders Kelp BV Solutions,Yes,Puerto del Mar,Puerto del Mar
Sea Striders NV Marine sanctuary,No,Rio Isla,Oceanus
Sea Striders ОАО Industrial,No,Marebak,Oceanus
SeaBass  Lighthouse AG Express,No,Thessalandia,Thessalandia
SeaBass  Ltd. Liability Co Consulting,No,Mawandia,Oceanus
SeaBass &  LLC Solutions,No,Marebak,NA
SeaBass &  SE Tanker,No,Arreciviento,Oceanus
SeaBass Company Express Estuary,Yes,Zawalinda,Sol y Oceana
SeaBass Company GmbH & Co. KG,No,Merigrad,Oceanus
SeaFlavors Limited Liability Company Marine,No,Merigrad,Oceanus
SeaLion S.A. de C.V. Freight ,No,Alverossia,Oceanus
SeaSelect Foods Oyj Transport,No,Mawazam,Oceanus
SeaSelects Fish Ges.m.b.H. Carriers,No,Arreciviento,Sol y Oceana
SeaSolutions  Limited Liability Company,No,Brindisola,Brindisola
SeaSplash Navigation Ges.m.b.H. Shipping,No,Anderia del Mar,NA
SeaTree Barracuda LLC Shipping,No,Osterivaria,NA
SeaTree S.A. de C.V. Line,No,Coralmarica,Coralmarica
SeaTrek Ltd. Corporation Carriers,No,Marebak,NA
SeaTrekker Sagl Marine ecology,No,Merigrad,Islavaria
Seafarer's Club GmbH & Co. KG Overseas,No,Mawazam,Oceanus
Seafarer's Club S.A. de C.V. Transit,No,Marebak,NA
Seafarer's Club Tuna NV Shipping,No,Zawalinda,Sol y Oceana
Seafaring Souls AB Worldwide,No,Marebak,NA
Seafoam Kga Marine biology,No,Marebak,Kondanovia
Seashell Seekers GmbH & Co. KG Import,No,Merigrad,Oceanus
Seashell Seekers LLC Delivery,Yes,Marebak,NA
Seashell Seekers Limited Liability Company Express,No,Oceanus,Oceanus
Seashell Seekers Ltd Distribution,Yes,Marebak,NA
Seashell Seekers Sp Transit,No,Sol y Oceana,NA
Seashell s  Kga Merchants,No,Marebak,NA
Seashell s  LC Shipping,No,Nalakond,Oceanus
Seashore Sanctuary Marine life,No,Marebak,NA
Seaside Strolls A/S Marine ecology,No,Vesperanda,NA
Seaside Strolls Chart LC Delivery,Yes,Marebak,NA
Seaside Strolls Ltd Marine life,No,Rio Isla,Rio Isla
Seaside Summit CJSC Saltwater,No,Vesperanda,Oceanus
Selous Game Reserve  AB,No,Mawazam,Coralmarica
Selous Game Reserve  Limited Liability Company,No,Marebak,Coralmarica
Selous Game Reserve  Marine,No,Merigrad,Merigrad
Selous Game Reserve  S.A. de C.V.,Yes,Isliandor,Oceanus
Selous Game Reserve  SE Solutions,No,Marebak,NA
Senegal Coast  AG Line,No,Marebak,Oceanus
Senegal Coast  S.p.A. International,Yes,Coralada,Nalakond
Senegal Coast  Whale Ges.m.b.H. Marine,No,Osterivaria,Oceanus
Senegal River  AS International,No,Marebak,NA
Shanxi Krill SRL Investment,No,Oceanus,Icarnia
Shanxi S.A. de C.V.,No,Alverossia,Oceanus
Shona S.A. de C.V.,No,Zawalinda,Valtalmo
Shou gan  AS Cargo,No,Marebak,Oceanus
Shou gan  Sagl Mudflat,No,Oceanus,Oceanus
Shou gan  Tilapia Ges.m.b.H. Investment,No,Marebak,Isliandor
Sikkim  Market BV Industrial,No,Galduzim,NA
SilverScales CJSC and Son's,No,Marebak,Oceanus
SilverScales GmbH & Co. KG,Yes,Oceanus,Oceanus
SilverScales Sagl Marine conservation,No,Puerto del Mar,Oceanus
Simien Mountains   Company Fish,No,Sol y Oceana,Oceanus
Simien Mountains   GmbH Forwading,No,Sol y Oceana,Oceanus
Simien Mountains   Tom yum GmbH Family,No,Vesperanda,NA
Situhu Tsunami OJSC Marine,No,Merigrad,Oceanus
Skeleton Coast  OJSC Holdings,No,Faraluna,Oceanus
South Ltd. Liability Co,No,Arreciviento,Oceanus
South S.A. de C.V. & Son's,No,Mawazam,Coralmarica
Southeast Limited Liability Company,Yes,Marebak,NA
Southeast Limited Liability Company Line,No,Merigrad,Coralmarica
Spanish Anchovy CJSC Marine,Yes,Merigrad,Oceanus
Spanish Anchovy OJSC International,No,Osterivaria,NA
Spanish Anchovy Underwater Incorporated Family,No,Isliandor,Oceanus
Spanish Mackerel Ltd. Liability Co Consultants,No,Calabrand,Oceanus
Spanish Shrimp A/S Marine,No,Marebak,NA
Spanish Shrimp Incorporated Carriers,No,Osterivaria,NA
Sparrmans  Inc Marine sanctuary,No,Marebak,NA
Starfish Tanker Inc Express,No,Vesperanda,NA
Sudd Swamp   GmbH & Co. KG & Son's,No,Merigrad,Oceanus
Sudd Swamp   Marine sanctuary AS Line,No,Kondanovia,Oceanus
Sudd Swamp   Pic Overseas,No,Arreciviento,Oceanus
Sudd Swamp   S.p.A. Family,No,Marebak,NA
Surf and Sea Marina,Yes,Zawalinda,Oceanus
Surf and Sea Marine,No,Arreciviento,NA
Surf's Up s Sp,Yes,Marebak,Oceanus
SurfSide  GmbH & Co. KG Consulting,No,Marebak,NA
Tamil Nadu   Express Surf,No,Osterivaria,Oceanus
Tamil Nadu   Limited Liability Company,No,Merigrad,Oceanus
Tamil Nadu   SE Carriers,Yes,Vesperanda,Puerto Isla
Tamil Nadu   Sagl Marine life,No,Marebak,NA
Tamil Nadu  Market Incorporated,No,Puerto del Mar,Oceanus
Tamil Nadu  Market Limited Liability Company Logistics,No,Marebak,NA
Tamil Nadu  Market Plc,No,Osterivaria,Coralmarica
Tamil Nadu s Barge,No,Vesperanda,NA
Tamil Nadu s ОАО,No,Isliandor,Oceanus
Tana River  Company Transit,No,Marebak,NA
Tangier Coast  Incorporated Delivery,No,Marebak,Oceanus
Telangana  Transit Coral Reef,No,Marebak,NA
The Salted Pearl ОАО,No,Marebak,Oceanus
The Salty Dog A/S Solutions,No,Faraluna,Luminkind
The Salty Dog LC Marine,No,Khamseena,Mawandia
The Salty Dog LLC,Yes,Vesperanda,Oceanus
The Salty Dog Limited Liability Company,Yes,Islavaria,Coralmarica
The Salty Dog Sea,No,Marivaria,Azurionix
The Salty Pearl Express,Yes,Marebak,NA
The Salty Pearl Lock,Yes,Marebak,NA
The Salty Pearl SE,No,Puerto del Mar,NA
The Salty Pearl Tsunami Corp Express,Yes,Coralmarica,Oceanus
The Sea Lion Company,No,Marebak,Oceanus
The Sea Lion Corporation,No,Mawazam,Oceanus
The Sea Lion Incorporated,No,Isliandor,Coralmarica
The Sea Lion S.A. de C.V. Carriers,No,Marebak,Oceanus
The Sea Turtle Plc Consultants,No,Puerto del Mar,NA
The Sea Turtle S.A. de C.V. Delivery,No,Faraluna,Sol y Oceana
Thetis - LLC Line,No,Brindisola,NA
Thoho Ltd. Corporation Logistics,No,Marebak,Oceanus
Thoho S.A. de C.V.,No,Arreciviento,Oceanus
Thundwa S.A. de C.V.,No,Marebak,Oceanus
Tiao piao  AG Delivery,No,Coral Solis,Oceanus
TidalTaste Tidepool Ltd. Liability Co Carriers,No,Coralada,Oceanus
Tide Turners A/S Delivery,No,Marebak,NA
Tide Turners CJSC Transport,No,Osterivaria,Oceanus
TideTable Captain Limited Liability Company Transit,No,Osterivaria,NA
Togo  Limited Liability Company,No,Merigrad,Coralmarica
Transit Ltd. Liability Co,No,Alverossia,Mango del Oro
Transport Ltd. Liability Co,No,Alverossia,Utoporiana
Tripura  Market Company Marine ecology,Yes,Marebak,Marebak
Tripura  Market S.A. de C.V.,No,Vesperanda,Oceanus
Tristen Jetty Company Solutions,No,Merigrad,Oceanus
Tsha wamba S.A. de C.V.,No,Faraluna,Oceanus
TunaTreat Company Marine sanctuary,No,Marifada,Oceanus
Turkish Calamari A/S & Son's,No,Marebak,Marebak
Turkish Calamari GmbH Shipping,No,Osterivaria,NA
Turkish Calamari Plc ship,Yes,Puerto del Mar,Oceanus
Turkish Salmon A/S Marine,No,Vesperanda,Oceanus
Turkish Salmon LC Barracuda,No,Mawazam,Oceanus
Turkish Sword NV Ocean,No,Mawazam,Oceanus
Uttar Pradesh Sea  A/S Express,No,Merigrad,Oceanus
Uttar Pradesh Sea  GmbH,No,Faraluna,Sol y Oceana
Uttar Pradesh s Oyj,No,Marebak,Oceanus
Uttarakhand   Tidepool Oyj International,Yes,Marebak,Marebak
Uttarakhand s Current Sagl Line,Yes,Puerto del Mar,Oceanus
Vespuci Aquatic GmbH & Co. KG Transit,No,Marebak,NA
Victoria Falls   BV Worldwide,No,Arreciviento,Oceanus
Victoria Falls   Corporation Coast,No,Marebak,NA
Victoria Falls   N.V. Carriers,No,Rio Isla,Oceanus
Victoria Falls   OJSC Marine,No,Osterivaria,Oceanus
Viento Azul Kga Carriers,No,Thessalandia,Oceanus
Viento Azul N.V. Distribution,No,Vesperanda,Nyxonix
Viento y Mar BV,No,Arreciviento,Oceanus
Viento y Mar Corp,No,Playa Solis,Oceanus
Viento y Mar Hijiki,No,Marebak,Oceanus
Viento y Mar LC,No,Nalakond,Oceanus
Vlei-tilapia Regatta S.A. de C.V. Solutions,No,Marebak,NA
Vleikurper LC & Son's,No,Solovarossa,Oceanus
Volga River Kga Merchants,No,Vesperanda,-22005
Volta River  Brothers Laksa,No,Osterivaria,NA
Water Wonders AS Investment,No,Nalakond,Oceanus
Water Wonders Plc Cargo,No,Marebak,NA
Water Wonders Plc Shipping,No,Orvietola,Oceanus
Wave Riders Trout GmbH Shipping,No,Arreciviento,NA
Wave Watchers BV Transit,No,Merigrad,Oceanus
Wave Watchers Brine N.V. Express,No,Marebak,Marebak
Wave Watchers Company United,No,Marebak,Coralmarica
Wave Watchers Ltd. Liability Co,No,Merigrad,Merigrad
Wave Watchers S.p.A. Import,No,Marebak,NA
Wave Watchers Underwater Ltd. Corporation Solutions,Yes,Marebak,Marebak
WaveCatcher GmbH & Co. KG,No,Marebak,NA
West Bengal   N.V. Distribution,No,Osterivaria,NA
West Bengal   SRL Marine sanctuary,No,Osterivaria,NA
West Bengal  A/S Freight ,No,Marifada,Marifada
West Bengal  Ltd. Corporation,Yes,Coralmarica,NA
West Bengal  Ltd. Liability Co,No,Merigrad,Oceanus
West Bengal  Sp &,No,Korvelia,Oceanus
West Kga and Son's,No,Coralmarica,Rio Isla
Whale Corp Marine ecology,No,Vesperanda,Oceanus
William & Co Marine life,No,Marebak,Oceanus
Yenisei  Eel GmbH & Co. KG Services,Yes,Merigrad,Oceanus
Yu er he  Bonito,Yes,Marebak,NA
Yu er he  Co,No,Marebak,Oceanus
Yu er he  SRL,No,Marebak,Utoporiana
Yu er he  Services Salt spray,No,Coralmarica,Oceanus
Yu gou  Plc Worldwide,No,Sol y Oceana,Oceanus
Yu gou  SRL Ocean,No,Brindivaria,Sol y Oceana
Yu wo  Company Delivery,No,Anderia del Mar,Oceanus
Yu xian  Ltd. Corporation,No,Marebak,NA
Zambezi Escarpment  Co Current,No,Mawazam,Oceanus
Zambezi Escarpment  ОАО Freight ,No,Marebak,NA
Zambezi Gorge  ОАО Forwading,No,Osterivaria,NA
Zambezi Rapids  Brine Sp Transport,No,Marebak,NA
Zambezi Rapids  Plc Holdings,Yes,Marebak,Marebak
Zambezi Valley  ОАО Transport,No,Coralmarica,Patacoral
Zanzibar Archipelago   Incorporated International,No,Marebak,NA
Znamensk Eel LLC United,No,Puerto del Mar,Oceanus
Znamensk Ltd. Liability Co,No,Calabrand,Oceanus
Znamensk Pic Salt spray,No,Coralmarica,Oceanus
biān yú Inc Industrial,No,Faraluna,Oceanus
bái suō wěn lú Ges.m.b.H.,No,Mawazam,Oceanus
bái suō wěn lú GmbH & Co. KG,No,Kondanovia,Oceanus
bǐ mù yú AG Marine,No,Mawazam,Oceanus
bǐ mù yú Captain,No,Marebak,Oceanus
bǐ mù yú Ges.m.b.H. Holdings,No,Mawazam,Oceanus
bǐ mù yú LC Shipping,No,Marebak,NA
bǐ mù yú Oyj,No,Korvelia,Oceanus
bǐ mù yú Sagl Distribution,Yes,Alverossia,Oceanus
guī yú GmbH Shipyard,No,Coralmarica,Coralmarica
guī yú Ltd. Corporation,No,Oceanus,Oceanus
hǎi mǎ AS Sea spray,No,Marebak,Marebak
hǎi mǎ OJSC Freight ,No,Marebak,Oceanus
hǎi mǎ Oceanography S.p.A. & Son's,No,Zawalinda,Oceanus
hǎi mǎ S.A. de C.V. & Son's,Yes,Osterivaria,Oceanus
hǎi tún AS Industrial,No,Isliandor,NA
hǎi tún Ltd. Corporation,No,Alverossia,Lumakari
hǎi xīng Corp Sextant,No,Kondarama,Oceanus
jīn qiāng yú Express,No,Oceanus,Coral Solis
jīn qiāng yú SRL Worldwide,No,Zawalinda,NA
jīng GmbH & Co. KG,No,Marebak,NA
katushka GmbH & Co. KG & Son's,No,Osterivaria,Sol y Oceana
katushka Limited Liability Company,No,Alverossia,Oceanus
lú yú A/S Marine,No,Playa Solis,Oceanus
lú yú Limited Liability Company,No,Marebak,Oceanus
lú yú Limited Liability Company International,No,Alverossia,Oceanus
lú yú S.A. de C.V. International,No,Coral Solis,Oceanus
móguǐ yú S.A. de C.V.,No,Gavanovia,Oceanus
nián yú Ltd. Corporation,Yes,Merigrad,Oceanus
páng xiè AS Express,No,Khamposa,Oceanus
páng xiè OJSC Worldwide,No,Kondanovia,Oceanus
shí rén yú Caviar,No,Marebak,NA
shí rén yú Company Overseas,No,Zawalinda,Oceanus
shí rén yú Marine conservation,No,Merigrad,Oceanus
shā yú Ges.m.b.H. Worldwide,No,Marebak,NA
shā yú Ltd Marine,No,Rio Isla,Rio Isla
suō yú GmbH & Co. KG Freight ,No,Mawazam,NA
xiǎo lóng xiā GmbH & Co. KG,Yes,Marebak,Alverossia
xiǎo lóng xiā Inc Worldwide,No,Marebak,NA
xiǎo lóng xiā NV,No,Coralmarica,Oceanus
xiǎo lóng xiā SRL,No,Marebak,Puerto Sol
xiǎo xiā A/S Holdings,No,Osterivaria,Oceanus
xiǎo xiā Oyj Marine ecology,Yes,Coralmarica,Oceanus
xiǎo xiā S.p.A. Deep-sea,No,Islavaria,Oceanus
xuě yú AS Cargo,No,Osterivaria,NA
xún yú S.A. de C.V.,No,Isliandor,Oceanus
zūn yú Plc Holdings,Yes,Mawandia,Oceanus
hǎi dǎn Corporation Wharf,Yes,Marebak,Oceanus
Olas del Mar Worldwide,Yes,Oceanus,Oceanus
Pao gan SE Seal,Yes,Alverossia,Oceanus
Saltwater Supreme Pelican Ltd Enterprises,Yes,Puerto Sol,Oceanus
Yu xian  SRL Industrial,Yes,Sirenareef,Oceanus
-90,No,NA,Oceanus
Brisa del Este BV,Yes,NA,Oceanus
Caracola del Sol Services,Yes,Puerto Sol,Oceanus
Costa de la Felicidad Shipping,Yes,Alverossia,Oceanus
Faroe Islands Halibut Sea S.p.A. Distribution,Yes,Baziuzim,Oceanus
Mar del Este CJSC,Yes,Merigrad,Oceanus
Playa de Arena N.V.,No,Riodelsol,Sol y Oceana
Rift Valley fishery Inc,Yes,Puerto del Mar,Oceanus
Sea Striders GmbH Industrial,No,Coralmarica,Oceanus
Turkish Sword S.A. de C.V. Trout,No,Rio Isla,Oceanus
Coastal Castaway Coast Corporation Worldwide,Yes,Alverossia,Oceanus
Pao gan LC Freight ,Yes,-22004,Oceanus
Océano de Coral Corporation Express,Yes,Vesperanda,Oceanus
Kong zhong diao yu  Ges.m.b.H.,Yes,Oceanus,Oceanus
Ancla de Oro Kga Import,Yes,Vesperanda,Oceanus
Coastal Charm GmbH Transportation,Yes,Zawalinda,Oceanus
AquaDelight N.V. Coral Reef,Yes,Coralmarica,Oceanus
Mar del Paraíso Corporation Logistics,Yes,Marebak,Oceanus
Náutica del Sol Corporation,Yes,Mawazam,Oceanus
Sea Breeze Corporation Marine sanctuary,Yes,Coralada,Oceanus
The Sea Turtle GmbH & Co. KG,Yes,Marebak,Oceanus
-1206,No,NA,Oceanus
Adriatic Mackerel Ges.m.b.H. Family,No,Sol y Oceana,Oceanus
Madagascar Coast  AG Freight ,Yes,Oceanus,Oceanus
Mar de Sirenas BV Worldwide,No,Sol y Oceana,Oceanus
Volga River LLC Enterprises,No,Quornova,Oceanus
Adriatic Squid Inc Export,Yes,Marebak,Coralmarica
Sailors and Surfers Incorporated Enterprises,Yes,Puerto Sol,Oceanus
-753,Yes,NA,Oceanus
Fisherman's Best Marine conservation,Yes,Marebak,Oceanus
Senegal Coast  Inc Forwading,Yes,Merigrad,Oceanus
-226,No,NA,Oceanus
-73,No,NA,Oceanus
Belgian Shrimps Ocean Corp Holdings,Yes,Lumaland,Oceanus
Coral Cove BV Delivery,Yes,Quornova,Oceanus
Costa del Viento Fish  S.p.A. United,Yes,Rio Isla,Oceanus
Marine Mates NV Worldwide,No,Mawazam,Oceanus
Playa de la Luna Incorporated,No,Kondanovia,Oceanus
Uttarakhand  Market Limited Liability Company Nautical,Yes,Helixia,Oceanus
Saltwater Supreme ОАО Forwading,Yes,Puerto Sol,Oceanus
-292,No,NA,Oceanus
SaltWaterSolutions Ltd. Liability Co Delivery,Yes,Merigrad,Oceanus
Uttar Pradesh Sea  Company Seafoam,Yes,Utoporiana,Oceanus
páng xiè S.A. de C.V. Line,Yes,Riodelsol,Oceanus
-5962,No,NA,Oceanus
Caracola Azul Ltd. Corporation,Yes,Lumaland,Oceanus
Costa del Mar Inc Forwading,No,Syrithania,Oceanus
Fresh Ltd. Liability Co,No,Nalakond,Oceanus
Maharashtra  Ltd. Liability Co Shipping,Yes,Alverossia,Oceanus
SeaTree Ltd. Liability Co Holdings,No,Gavanovia,Oceanus
suō yú Pic Family,No,Oceanus,Oceanus
xún yú GmbH Seagull,No,NA,Oceanus
Arunachal Pradesh s Brine,Yes,Nalakond,Oceanus
Mar del Placer Manatee,Yes,Puerto del Mar,Oceanus
Black Sea Tuna Snapper,Yes,Puerto Sol,Oceanus
Punjab s A/S Marine,Yes,Nalaloria,Oceanus
lú yú GmbH & Co. KG,Yes,Lumaland,Oceanus
Lake Kivu   BV United,Yes,Vesperand's Bay,Oceanus
Orange River   Incorporated Shipping,Yes,Merigrad,Oceanus
Playa Blanca Sagl Shipping,Yes,Marebak,Oceanus
Bay of Bengal's Sagl,Yes,Rio Isla,Oceanus
Niger Bend   Limited Liability Company Marine ecology,No,Quornova,Oceanus
Océano Azul Port S.A. de C.V. United,No,Syrithania,Oceanus
ReefRider Foods Ltd. Corporation Family,No,Oceanus,Oceanus
Seafaring Souls Ges.m.b.H. Marine sanctuary,No,Lumaland,Oceanus
SilverStream CJSC Marine conservation,No,Marebak,Oceanus
Turkish Mussels LLC and,No,Oceanus,Oceanus
hǎi dǎn AG Express,No,Polarisdom,Oceanus
Adriatic Tuna Seabass BV Transit,No,Mawazam,Oceanus
Gujarat  S.A. de C.V.,Yes,Oceanus,Oceanus
Haryana s Sagl Transport,Yes,Osterivaria,Oceanus
Isla del Mar NV Forwading,Yes,Oceanus,Oceanus
Okavango Delta  Manatee S.A. de C.V. Line,No,Oceanus,Oceanus
Okavango River  Limited Liability Company Shipping,Yes,Rio Isla,Oceanus
Sea Breeze Sagl Oceanfront,Yes,Oceanus,Oceanus
Yu gan  Sea spray GmbH Industrial,No,Oceanus,Oceanus
bái suō wěn lú AS,No,Marebak,Oceanus
-54,Yes,Nalakond,Oceanus
Senegal River  LLC Forwading,Yes,Utoporiana,Oceanus
Dutch  Ltd. Liability Co Consultants,No,Sol y Oceana,Icarnia
Wave Warriors Sagl Export,No,Oceanus,Coralmarica
Assam  Market Cargo ship Company Marine conservation,No,Faraluna,Oceanus
Assam  Market Incorporated Tanker,No,Utoparadia,Oceanus
Caracola del Este Ltd. Liability Co,No,Brindivaria,Oceanus
Great Ruaha River  GmbH,No,Puerto Sol,Utoporiana
Himachal Pradesh  BV Holdings,No,Merigrad,Oceanus
Isla del Este SE,Yes,Helixia,Oceanus
Manipur  Market Ray LC Marine conservation,No,Alverossia,Oceanus
Mar de la Vida LC,No,Puerto Sol,Oceanus
Spanish Anchovy SE Marine,No,Vesperanda,Oceanus
Vespuci Sagl Marine sanctuary,No,Nalakond,Oceanus
hǎi mǎ Sagl Express,No,Rio Isla,Oceanus
Bahía del Sol OJSC Logistics,No,Korvelonia,Oceanus
Caracola Azul Oyj &,No,Playa Solis,Oceanus
Portuguese Tuna Incorporated Marine,Yes,Oceanus,Oceanus
-1000,No,NA,Oceanus
Olas del Mar ОАО,No,Nalakond,Oceanus
TideTable Limited Liability Company Wave,No,NA,Oceanus
Isla Azul Consultants Flounder,No,NA,Oceanus
Oka  Ltd. Liability Co,No,Kondanovia,Oceanus
Black Sea Tuna Sagl,No,Nalakond,Oceanus
Arena del Mar Marine Marine biology,Yes,Coral Solis,Oceanus
-514,No,NA,Oceanus
Bujagali Falls  Pic Family,No,Coralmarica,Oceanus
Costa del Sol A/S,No,Isliandor,Oceanus
bǐ mù yú A/S Shipping,No,Nalakond,Oceanus
-89,No,NA,Oceanus
Atlantic Ocean Coast  Sp Marine,No,Nalakond,Oceanus
Coral del Sur Ltd. Corporation Investment,No,Icarnia,Oceanus
-47,No,Puerto Sol,Oceanus
-993,No,NA,Oceanus
-363,No,NA,Oceanus
Irish Scallop - Corporation & Son's,No,Marebak,Oceanus
Tamil  Nautilus CJSC Consulting,No,Coralmarica,Oceanus
-68,Yes,NA,Oceanus
SeaSelects Nori Corporation Express,Yes,Kondanovia,Oceanus
-131,Yes,NA,Oceanus
Mar de la Vida Charter Boat  Limited Liability Company Overseas,No,Playa Solis,Oceanus
-1468,No,NA,Oceanus
-5897,No,NA,Oceanus
-747,No,NA,Oceanus
Dutch Mussels GmbH Carriers,Yes,Coralmarica,Oceanus
Lake Turkana  Charter Boat  NV Marine,No,Alverossia,Oceanus
-66,No,NA,Oceanus
Bahía del Este SE,No,Marebak,Utoporiana
Mar del Golfo Limited Liability Company Forwading,No,Marebak,Oceanus
Náutica del Mar AS,No,NA,Oceanus
Panope Limited Liability Company,No,Vesperanda,Oceanus
Seafaring Souls AS Shipping,No,Mawazam,Oceanus
Kong zhong diao yu  Hull,No,Isliandor,Oceanus
-106,No,NA,Oceanus
-3336,No,NA,Oceanus
Reef Rascals Merchants Dashi,No,Osterivaria,Oceanus
Rift Valley fishery Whale S.A. de C.V. Forwading,No,Arreciviento,Oceanus
Zambezi Escarpment  Incorporated United,No,Kondanovia,Oceanus
-1051,No,NA,Oceanus
-1675,No,NA,Oceanus
-534,No,NA,Oceanus
Dubingiai Ltd. Liability Co,No,Kondanovia,Oceanus
Tamil Nadu   Corporation Compass,No,Utoporiana,Oceanus
Ancla Marina AB Holdings,No,Kondanovia,Oceanus
Belgian Shrimps - Company Brothers,No,Vesperand's Bay,Oceanus
Punjab s Marine conservation,No,Riodelsol,Oceanus
Cape of Good Hope   S.p.A.,No,Kondanovia,Oceanus
Arena Azul Ltd. Corporation,No,Oceanus,Oceanus
Oceanic Oasis Plc Cargo,No,Coralmarica,Oceanus
mán yú S.A. de C.V. Captain,No,Kondanovia,Oceanus
-6032,No,NA,Oceanus
3 Trawler Corp Distribution,No,Brindisola,Oceanus
Chituku Ltd. Liability Co Transport,No,Marebak,Oceanus
Mar de Cielo Ltd. Corporation,No,Rio Isla,Oceanus
Tripura  Pier N.V. Solutions,No,Orvietea,Oceanus
Bahía de Plata AB Solutions,No,Orvietea,Oceanus
Irish Crab CJSC Shark,Yes,Mawazam,Oceanus
East Ltd Marine life,Yes,Coralmarica,Oceanus
-295,No,NA,Oceanus
Cape Verde Islands  Catchers GmbH & Co. KG Shipping,No,Anderia del Mar,Oceanus
Himachal Pradesh   AG Shipping,No,Gavanovia,Oceanus
Sahara  LLC Co Consultants,No,Mango del Oro,Oceanus
Fisherman's Bounty Corp Marine,No,Yggdrasonia,Oceanus
-5673,No,NA,Oceanus
-5786,No,NA,Oceanus
-6070,No,NA,Oceanus
Náutica del Este Ltd. Corporation,No,Oceanus,Oceanus
-1288,No,NA,Oceanus
Agua Oceanfront Limited Liability Company Transportation,No,Puerto Sol,Oceanus
Angrapa Ltd. Liability Co Export,Yes,Oceanus,Oceanus
Jiyu  BV Marine life,No,Thessalandia,Oceanus
Sailors and Surfers Kga Overseas,Yes,Galdara,Oceanus
Ancla del Este Merchants,No,Oceanus,Oceanus
Belgian Shrimps Ltd. Liability Co,No,Marebak,Oceanus
West Bengal  Company Nori,No,Alverossia,Oceanus
-509,Yes,NA,Oceanus
Estrella del Mar N.V. United,No,Jiraputra,Oceanus
Nagaland Sea  Limited Liability Company,No,Mawazam,Coralmarica
hǎi dǎn OJSC Transportation,No,Merigrad,Oceanus
-10148,No,NA,Oceanus
Malabar Sea Catch Port,No,Lumaland,Oceanus
Konkan Coast  SRL Logistics,No,Puerto del Mar,Oceanus
Lake Chad  Company Ray,No,Jiraputra,Oceanus
Neva  Jetty GmbH Forwading,No,Quornova,Oceanus
Selkie Ltd. Liability Co,Yes,Lumaland,Riodelsol
Mar del Golfo Company,No,Coralmarica,Coralmarica
-1281,No,NA,Oceanus
-1320,No,NA,Oceanus
-7122,No,NA,Oceanus
Benguela Current   GmbH Carriers,No,Gavanovia,Oceanus
Yenisei  S.A. de C.V.,No,Icarnia,Oceanus
-159,No,NA,Oceanus
Oceanic Outfitters NV Freight ,No,Oceanus,Oceanus
Costa del Mar Tidepool SE Merchants,No,Merigrad,Lumakari
Mar de la Felicidad GmbH Worldwide,No,Coralmarica,Oceanus
Olas del Sur Wharf,Yes,Islavaria,Oceanus
Tripura  Limited Liability Company Carriers,No,NA,Oceanus
-5813,No,NA,Oceanus
Lake Malawi  Limited Liability Company,Yes,Marebak,Marebak
Turkish Calamari Co Manatee,Yes,Marebak,Marebak
Coral Reef Plc Shipping,No,NA,Oceanus
Irish Scallop ОАО Investment,No,NA,Oceanus
Jammu & Kashmir Sea  ОАО Shark,No,Helixia,Oceanus
The Sea Turtle Plc Express,No,NA,Oceanus
-1021,No,NA,Oceanus
-557,No,NA,Oceanus
-806,No,NA,Oceanus
-1094,No,NA,Oceanus
-289,No,NA,Oceanus
Coastal Castaway Corp Express,No,Merigrad,Oceanus
Deep Sea Divers N.V. Family,No,Anderia del Mar,Oceanus
Saltwater Sirens Salt spray,No,NA,Oceanus
Vespuci Seagrass A/S Consultants,No,Marebak,Oceanus
Wave Watchers Seabass SE International,No,NA,Oceanus
Kong zhong diao yu  Oyj,No,Sol y Oceana,Oceanus
Kagera River   SE Solutions,Yes,Icarnia,Oceanus
Costa de Coral Kga Delivery,No,Riodelsol,Oceanus
Portuguese Sea Bass SRL Import,No,Jiraputra,Oceanus
Costa de la Felicidad BV,No,Zawalinda,Coralmarica
Isla del Tesoro GmbH & Co. KG Chart,No,Coralmarica,Oceanus
-1155,No,NA,Oceanus
-3413,No,NA,Oceanus
Arunachal Pradesh s Oceanography,No,Nalakond,Oceanus
Playa de Arena OJSC,No,Marebak,Oceanus
-9409,No,NA,Oceanus
French Hake Cargo ship Sagl Services,No,Marebak,Oceanus
Mar de Cristalino Salt spray,No,Marebak,Oceanus
Rift Valley fishery Corporation,No,Nalakond,Oceanus
xiǎo lóng xiā Company,No,Coralmarica,Oceanus
-4091,No,NA,Oceanus
-4012,No,NA,Oceanus
Estrella de Mar Inc,No,Zimawand,Oceanus
Mar del Norte Kga,No,Riodelsol,Oceanus
SeaLion Marine AG Express,No,Kondanovia,Oceanus
-144,No,NA,Oceanus
-5840,No,NA,Oceanus
Caracola del Mar Transit,No,Coralmarica,Oceanus
Khundu GmbH & Co. KG Solutions,No,Icarnia,Oceanus
Niger River Delta  Oyster ,No,Isliandor,Oceanus
Playa del Mar Sagl Marine conservation,No,Marebak,Oceanus
Punjab Sea  CJSC Estuary,No,Puerto Sol,Oceanus
SE Ltd. Liability Co,No,Rio Isla,Oceanus
Wave Warriors Ltd. Corporation Express,No,Coralada,Oceanus
West Bengal  Plc Freight ,No,NA,Oceanus
-561,No,NA,Oceanus
Delhi ers S.p.A. Line,No,Korvelonia,Oceanus
Sparrman's bream GmbH Carriers,No,Coral Solis,Oceanus
Transit Limited Liability Company,No,Coralmarica,Oceanus
Zanzibar Archipelago   S.p.A. Services,No,Mawazam,Oceanus
Sea Breezes GmbH & Co. KG Shark,No,Oceanus,Oceanus
-967,No,NA,Oceanus
Blue Horizon S.A. de C.V. Logistics,No,Oceanus,Oceanus
Estrella del Mar A/S,No,Zawalinda,Oceanus
SeaSplash Foods Ferry NV Transport,No,Lumindoria,Oceanus
Danish Plaice S.A. de C.V.,No,Playa Solis,Oceanus
-421,No,NA,Oceanus
shí rén yú GmbH & Co. KG,No,Oceanus,Oceanus
Madhya Pradesh   Roe ОАО & Son's,No,Oceanus,Oceanus
Northeast AB Marine ecology,No,NA,Oceanus
Surf and Sand Oyster  Company Enterprises,No,Merigrad,Oceanus
Lake Kariba   Ltd Shipping,Yes,Mawazam,Oceanus
Costa de Coral Marine,No,Jiraputra,Oceanus
Olas del Mar AS and Son's,No,Rio Isla,Oceanus
Tamil Nadu  Market Corp,No,Utoporiana,Oceanus
bái suō wěn lú NV,No,Oceanus,Oceanus
-1203,No,NA,Oceanus
OceanGem Limited Liability Company Carriers,No,Kondanovia,Oceanus
Ola Marina Company Line,No,Mawazam,Oceanus
Saltwater Sisters AS Marine life,Yes,Coralmarica,Oceanus
Assam  Market Tilapia Ltd Worldwide,No,Alverossia,Oceanus
Coastal Currents Plc United,No,Oceanus,Oceanus
Coral Azul A/S Transport,No,Coralmarica,Oceanus
Coral Cove Corporation Delivery,No,Solovarossa,Oceanus
Arena del Sol Sagl,No,Marebak,Oceanus
Henties Bay  Sagl Marina,No,Nalaloria,Oceanus
Yu gou  Ltd. Corporation,No,Kondanovia,Oceanus
